numphoneme,phoneme,stress,duration,timef,f0,f0max,f0min,f1,f2,f3,intensity,intensitymax,id,rec
1,,,0.195389145805461,0.0976945729027307,-1,-1,-1,445.582846857849,1638.37403877772,2786.95585990491,50.810146771575,54.9516087914694,subj1,9-2.csv
2,ʐ,F,0.045495201941497,0.21813674677621,125.413175287344,126.421557836031,125.321582100287,1462.0060456794,3116.15789356047,3977.29323013558,64.0124510648337,72.5863949864511,subj1,9-2.csv
3,ɐ,2,0.0410146138715011,0.261391654682709,112.769601393112,126.325498768031,111.173538574009,526.90171775998,994.651448480804,2503.99569182347,76.0871613594053,77.3902097537168,subj1,9-2.csv
4,r,L,0.0796166033976198,0.32170726331727,112.616229255629,123.828964708974,110.845235429115,303.47396345645,1942.27600754316,2607.69683823002,72.9952075102691,77.4252761395563,subj1,9-2.csv
5,k,P,0.132694338996033,0.427862734514096,-1,121.242743005895,110.408262971434,490.315287364471,1488.87539909974,2637.33644793012,59.5028496120106,76.121527947115,subj1,9-2.csv
6,o,1,0.086854476433767,0.537637142228996,112.437119460043,124.820172421859,108.495174515755,452.342914220526,910.240211822472,2482.34703034757,79.4514719555839,80.2595588992127,subj1,9-2.csv
7,əᶦ,3,0.0947816707114522,0.628455215801605,105.211837462326,108.434740609291,101.691667249435,449.894204903345,1776.34715972373,1944.14187670408,73.3507780888946,76.1796840508934,subj1,9-2.csv
8,,,0.298802474919766,0.825247288617215,101.702446151476,102.044346435386,100.146289867633,390.84077050505,1714.95239234654,2992.09858725849,53.9468526029695,70.7751734898735,subj1,9-2.csv
1,,,0.261008423418056,0.130504211709028,-1,-1,-1,522.090117603803,1781.69278380562,3690.64463509116,51.8496287845289,58.287523371771,subj1,9-1.csv
2,ʐ,F,0.0785838627274878,0.3003003547818,118.494303569582,121.579490847632,117.004718787338,397.412698234612,2163.69535193821,3154.23096447186,73.5046352366477,79.7715128185746,subj1,9-1.csv
3,a,1,0.0837248630928375,0.381454717691962,120.670339259861,121.267212728507,118.007470721572,631.611318725363,1379.8574071122,2230.16739499836,80.9686433651368,81.247625904117,subj1,9-1.csv
4,r,L,0.0638952902550602,0.455264794365911,113.478466765916,118.235998115433,108.844085825916,450.269890701383,1768.50220171366,2370.52464354386,75.1592275699569,80.1730769891964,subj1,9-1.csv
5,k,P,0.151659510777815,0.563042194882349,-1,112.88311213598,106.956325486645,176.070143788138,1593.25056750474,2748.34830741479,58.6041931879502,72.064861482874,subj1,9-1.csv
6,ə,3,0.046269003288147,0.66200645191533,102.085912495337,102.656276745455,99.9804661725871,516.658401765118,1703.86912573955,2128.83473590379,71.5569690496579,71.7998810310587,subj1,9-1.csv
7,əᶦ,3,0.0690362906204097,0.719659098869608,100.791578661296,101.264307710153,99.1382086556258,575.291611858616,925.625520288106,1981.04330126654,70.4951919309966,70.9004445316423,subj1,9-1.csv
8,,,0.360970148110436,0.934662318235031,-1,104.126858370699,99.1687895559092,487.284885326518,1771.28653909485,2518.72974998391,50.4842288878479,69.0275310471107,subj1,9-1.csv
1,,,0.253453688058783,0.126726844029391,-1,-1,-1,487.981930649109,1832.8792800597,3283.0385695222,51.1872025755141,70.2731189311534,subj1,8-2.csv
2,ɐ,2,0.046070186928215,0.27648878152289,116.001989956123,117.12274640447,111.032939541631,554.337884924162,1245.6788056922,2420.88231170384,76.317039713808,78.103844807257,subj1,8-2.csv
3,r,L,0.0484808362442262,0.323764293109111,117.750979574369,124.403143238734,108.20698139677,458.492368102232,1477.66947345515,2290.27322232008,77.5621775677191,78.4860278847429,subj1,8-2.csv
4,ɡ,P,0.0953545729444448,0.395681997703446,113.417825736759,123.599076203793,108.005330551915,344.93989712981,1387.68722836825,2298.82142640198,72.7159046357399,77.4252005212586,subj1,8-2.csv
5,a,1,0.0685695805443199,0.477644074447829,107.693491314164,122.845267346591,104.296018583095,693.72770484653,1418.93489854174,2851.1057215672,76.7623321151991,77.9961047815115,subj1,8-2.csv
6,n,N,0.093479623476436,0.558668676458207,104.351335823723,105.584500477545,97.786722648788,270.44667559374,1612.84052233014,2830.87172455614,73.848703818647,75.135526259159,subj1,8-2.csv
7,,,0.307766114978179,0.759291545685514,-1,103.748613607458,97.2103264736303,463.675625376607,1750.49822788939,2967.57059634679,52.2386698167662,69.4532550011505,subj1,8-2.csv
1,,,0.237073654316753,0.118536827158376,-1,-1,-1,493.465094153226,1621.11396794135,2801.94991744951,50.1276169839742,72.9776999880557,subj1,8-1.csv
2,o,1,0.0978142955833203,0.285980802108413,118.603845332384,119.32005999741,116.627049856625,463.728139236335,816.5855875244,2610.21867084242,80.1763649311911,80.5707774274678,subj1,8-1.csv
3,r,L,0.0518357195157116,0.360805809657929,113.240312728388,116.521191568475,110.033448169987,367.175007158527,1570.7230604027,2261.33241879427,76.6984678420108,80.1646791318488,subj1,8-1.csv
4,ɡ,P,0.112750011375983,0.443098675103776,104.331202936783,123.565096986841,101.49650628556,325.245201368898,1648.37921325082,2681.87068105202,68.03876842259,76.6878684300442,subj1,8-1.csv
5,ə,3,0.027235717033679,0.513091539308607,112.848434037821,118.353343505729,106.643593936301,452.845061602609,1037.02375964318,2400.28889390548,74.4749815390648,74.7864920489514,subj1,8-1.csv
6,n,N,0.0995714386177512,0.576495117134322,102.391668039149,106.396568002309,98.5292253771833,275.38997249979,2031.95205558165,2760.95750984185,72.821442554533,74.5452501235735,subj1,8-1.csv
7,,,0.278118256527323,0.76533996470686,101.707974668008,104.166982321605,98.6737201806389,496.236977822549,1616.01993865134,2957.99078844934,51.7938616509568,69.2228434696713,subj1,8-1.csv
1,,,0.183492636891337,0.0917463184456686,-1,-1,-1,506.286905665275,1596.02614695529,2589.52325985877,50.6475448694346,67.5774423524791,subj1,7-2.csv
2,vʲ,F,0.0612994850728943,0.214142379427784,112.520776818374,116.433617502366,109.187129080948,338.053539040568,1948.2172493928,2361.98399213062,74.323932945884,76.3969377872036,subj1,7-2.csv
3,ɪ,2,0.0548800531234132,0.272232148525938,118.811455044688,119.540615502926,116.694618267275,327.570937464012,2246.22681737043,2745.63124434159,77.386373642806,77.8220665789752,subj1,7-2.csv
4,s,F,0.0818516638866393,0.340598007030964,-1,118.001764256134,117.906470684895,2037.44768714601,2955.34594964578,4041.12356627379,76.7917012475631,77.6359251778745,subj1,7-2.csv
5,c,P,0.120056095099578,0.441551886524073,-1,-1,-1,491.997839327861,2684.51123566493,3208.76723278956,63.8550861169933,70.9558729171227,subj1,7-2.csv
6,i,1,0.131243080071602,0.567201474109664,104.737542529498,113.766989020445,101.385158931732,274.915063401618,2344.07405885767,2658.77929705519,72.0810192672341,74.205478542667,subj1,7-2.csv
7,,,0.192551135514399,0.729098581902664,-1,-1,-1,467.794144796704,1660.27789054818,2829.89261547669,51.495532247013,56.2640194484759,subj1,7-2.csv
1,,,0.334052371979341,0.167026185989671,-1,-1,-1,527.819942334204,1816.71376407196,2689.87430054178,49.7928167034165,70.3242554638489,subj1,7-1.csv
2,vʲ,F,0.0830058211118792,0.375555282535281,115.867600265029,118.999796539551,113.577308997419,295.309307405761,2156.8125307582,2750.57879177652,74.52864863744,77.1369422242721,subj1,7-1.csv
3,i,1,0.0934932263220372,0.463804806252239,119.785235238443,121.490811054408,109.65123385976,277.082576722808,2515.68374956944,3233.72416269091,79.3066880996436,79.8132758692293,subj1,7-1.csv
4,s,F,0.0753305212759189,0.548216680051217,-1,109.632599943797,109.604711250868,2026.50747136946,3272.33561045669,4263.32517655345,75.0100889617409,75.7506993434001,subj1,7-1.csv
5,c,P,0.134284842274464,0.653024361826408,121.384626446312,122.224207089431,114.380443771742,649.098715023662,2351.63591492246,3006.68189752587,61.6233227914529,64.8784751903317,subj1,7-1.csv
6,əᶦ,3,0.0691439567266888,0.754738761326985,118.496052102646,131.595517207691,95.6274622494494,260.42692244057,2226.59676430136,2914.64811000402,64.1261311315923,65.8633158102459,subj1,7-1.csv
7,,,0.176539600445725,0.877580539913192,-1,103.006053690961,99.5245504991962,521.228008198759,1786.31226984092,3002.17937888776,50.7073098669395,58.4905686102057,subj1,7-1.csv
1,,,0.220680449977004,0.110340224988502,-1,-1,-1,463.066120651432,1723.20354532431,3057.67925272707,51.9683335914416,57.8392285710724,subj1,6-2.csv
2,p,P,0.0273597546071531,0.23436032728058,-1,-1,-1,692.742950620954,876.451994473121,2324.15501221285,70.7436445711103,76.6586087829032,subj1,6-2.csv
3,ɐ,2,0.0959991389724671,0.29603977407039,118.063285788687,119.090462138758,115.566245717896,632.437837314374,1132.25044492999,2572.20599963274,78.9726792711215,79.3071921882456,subj1,6-2.csv
4,r,L,0.0604347675375824,0.374256727325415,119.143310700612,124.895207993336,111.667168286773,643.547470699026,1823.34962436168,2584.15703391308,76.6837243260983,78.1741190376894,subj1,6-2.csv
5,a,1,0.0715640485495598,0.440256135368986,105.668913146063,111.550864696664,102.439071183361,667.648171428608,1174.80901857393,2386.63838397372,75.9511183456364,77.7525435692464,subj1,6-2.csv
6,,,0.226410819948071,0.589243569617801,103.012262017481,103.360366071034,100.995816396528,478.191402569081,1626.16367471766,2844.86814078679,55.0831864221556,71.2643637117117,subj1,6-2.csv
1,,,0.199859084218879,0.0999295421094393,-1,-1,-1,387.335923156305,1625.06475509455,2910.17260135507,50.9200544813485,59.0368573711522,subj1,6-1.csv
2,p,P,0.0315510957955408,0.215634632116649,-1,-1,-1,596.875020282321,1474.02251622809,2654.54671212544,73.7001692541545,81.2513696905613,subj1,6-1.csv
3,o,1,0.122875257467418,0.292847808748128,119.516856687382,123.539063662273,110.524281887541,565.531697703377,2371.04115991837,3463.79339189715,84.8499999761249,85.6202983742573,subj1,6-1.csv
4,r,L,0.0808681562207711,0.394719515592223,118.033979191553,126.637968758389,105.625001447087,761.355608111681,2057.97248286674,2665.0738132363,74.5431810214616,80.476974720444,subj1,6-1.csv
5,ə,3,0.0622258589786042,0.466266523191911,102.183231435203,105.473403377832,101.016842627029,654.605416750205,1292.65448297367,2256.95936252068,73.6916220772661,76.2582350988694,subj1,6-1.csv
6,,,0.327994696978651,0.661376801170538,-1,103.245262736142,100.986345363938,503.773133873929,1716.41284044147,2980.6833055179,51.5321090382417,68.3941256935396,subj1,6-1.csv
1,,,0.227940716470314,0.113970358235157,-1,-1,-1,469.239302670943,1690.16507164186,2996.79605763421,50.2177109576516,68.3244677208329,subj1,5-2.csv
2,d,C,0.0851227935990743,0.270502113269851,114.049761499277,124.639245003215,108.762462858496,419.597735767464,2448.23551189694,2999.92231609976,71.6718257695979,72.5712727154175,subj1,5-2.csv
3,ʊ,2,0.0761449989616719,0.351136009550224,123.553144659115,129.155352833579,122.057163255037,345.91990189734,615.008663694687,2253.77327540606,77.9242667730473,79.0395500123024,subj1,5-2.csv
4,xʲ,C,0.129014234048597,0.453715626055359,-1,123.377992581205,123.285044362199,851.940979741926,2668.24201660928,3611.72790515794,65.3803944659638,74.317500213905,subj1,5-2.csv
5,i,1,0.106070981086346,0.57125823362283,110.379205971034,117.991828384664,103.673382873182,320.486924613094,2242.70577414119,2511.00042730993,77.183489138844,78.8886164195146,subj1,5-2.csv
6,,,0.280105368804518,0.764346408568263,109.832754928145,113.457635772808,103.515850389137,542.606311408634,1524.74678293204,2952.40593377014,51.3665109231114,68.5210332877787,subj1,5-2.csv
1,,,0.247124683310576,0.123562341655288,-1,110.834489194341,110.005716454071,515.033737634448,1646.98280349424,3045.1670889132,50.5944385810436,53.3564651082464,subj1,5-1.csv
2,d,C,0.0826634084190131,0.288456387520082,122.794864212415,127.895842266157,111.215951279828,242.176831600681,1307.7401954695,2728.85508993158,71.1000519945374,76.2692755855926,subj1,5-1.csv
3,u,1,0.118484218733919,0.389030201096548,123.224250639018,128.845002771033,109.072413415155,315.003153938088,1022.8379931423,2359.70223307804,77.9612302436472,79.4641692704245,subj1,5-1.csv
4,xʲ,C,0.105051414865829,0.500798017896422,-1,109.220884080697,109.155086059768,2036.10189286931,2726.91875874135,3651.6801501577,65.455984681486,73.2426922015125,subj1,5-1.csv
5,əᶦ,3,0.088174302313614,0.597410876486144,105.076182526333,118.374217443924,102.949636991237,302.031344019137,2360.54068329514,2532.8790083958,73.4721007000816,76.379892251592,subj1,5-1.csv
6,,,0.280452085735734,0.781724070510818,-1,108.761439656903,105.459548049099,506.275517333975,2144.012578419,2882.31379084329,50.3078134689001,61.49115657276,subj1,5-1.csv
1,,,0.226344068470828,0.113172034235414,-1,-1,-1,502.438263701605,1799.12446088804,3083.80605250707,51.6374061480047,55.6632893383915,subj1,4-2.csv
2,x,F,0.0854655515540054,0.269076844247831,-1,-1,-1,1157.30969490118,1850.11914509919,3871.97163174247,59.9691180800642,72.5534243135448,subj1,4-2.csv
3,ɫ,L,0.0481773298554856,0.335898284952576,118.262759556361,121.263917450208,116.868938543286,489.833921140352,878.937073681987,2741.32011228089,79.4858103764543,81.006627482681,subj1,4-2.csv
4,ɐ,2,0.0624251486261685,0.391199524193403,123.836534196641,131.69690927251,116.066538139348,580.376547841646,917.955200177512,2679.22483613776,79.0273967905757,81.1412069161951,subj1,4-2.csv
5,p,P,0.098393113973939,0.471608655493457,-1,-1,-1,677.022515734047,2338.81623031171,3003.42149174845,54.327094306408,73.6624509201774,subj1,4-2.csv
6,o,1,0.0980340150178297,0.569822219989341,107.936869303949,110.270161720575,103.365604659357,448.904367591195,672.266715839361,2736.07199472851,77.4132025203574,79.0292073959652,subj1,4-2.csv
7,k,P,0.10708100916908,0.672379732082796,107.854054878164,108.163064545759,106.814955386884,695.466431830723,1640.95511187107,3154.31920579338,58.0097201007684,61.6066029733531,subj1,4-2.csv
8,,,0.169680670362142,0.810760571848407,-1,-1,-1,470.748679619479,1699.28269760768,3018.76036067887,51.777402920113,54.151353161935,subj1,4-2.csv
1,,,0.218000062746434,0.109000031373217,-1,-1,-1,474.840317448131,1602.49437655246,3070.54159953001,51.0644266636005,55.8145381960042,subj1,4-1.csv
2,x,F,0.0940465916940754,0.265023358593472,473.66494396681,484.1167393918,470.404368909675,886.450160077176,1868.03388183142,3597.50268762944,58.9768359753247,74.8312882064765,subj1,4-1.csv
3,ɫ,L,0.0454815811890539,0.334787445035037,119.672097516861,120.525252060485,116.977152338371,565.83389550377,3021.78340070067,3703.9189210263,79.6624895156267,80.5845328987209,subj1,4-1.csv
4,o,1,0.100413629995523,0.407735050627325,115.077546613086,119.371622237337,111.200713129089,519.963607218509,811.888531944021,2878.37441832885,81.999803712452,82.4205573645576,subj1,4-1.csv
5,p,P,0.116551046833506,0.516217389041839,112.245442353022,114.32541359789,109.590075981003,447.740778181614,1199.49878715079,2952.68149811036,59.2211602485023,74.8334979963426,subj1,4-1.csv
6,ə,3,0.0434061192434194,0.596195972080302,-1,-1,-1,479.722351390902,969.241369724185,3024.8441993088,70.3542573212194,71.6681907094212,subj1,4-1.csv
7,k,P,0.124167764251315,0.679982913827669,-1,-1,-1,543.148040935285,1622.79740825334,3018.01666748947,56.2690035275978,62.9209155639706,subj1,4-1.csv
8,,,0.232581730123771,0.858357661015212,-1,-1,-1,433.529379480517,1642.90537580816,2905.26574471345,50.4760422631769,52.9804247170622,subj1,4-1.csv
1,,,0.183473490394425,0.0917367451972123,-1,138.318238874507,137.821545338925,467.26873753973,1899.18429437894,3163.8399017388,50.993518608707,68.7137583642894,subj1,35-2.csv
2,mʲ,N,0.053877312187924,0.210412146488387,114.303590772061,136.996488579151,112.664950699333,277.007776042797,2005.32247702296,3490.08384917797,76.346030636153,78.5405065132585,subj1,35-2.csv
3,ɪ,2,0.0532202717953884,0.263960938480043,114.258374657645,115.599844970605,113.884106191718,338.712148590453,1948.60452696052,2511.93044135584,79.3883200482127,80.0693566769577,subj1,35-2.csv
4,ɫ,L,0.0777497797833863,0.32944596426943,114.023789031492,115.510654697828,110.105036905323,343.884489710373,885.092009311129,2706.82819887967,79.978507038642,80.1972997783171,subj1,35-2.csv
5,a,1,0.124618661117597,0.430630184719922,104.292859106828,110.00859398964,96.3996321079585,699.487611584291,1177.22360860481,2633.86187754799,76.7622457292653,79.2027587386437,subj1,35-2.csv
6,,,0.235858670662323,0.610868850609882,-1,102.420687152603,99.818092510889,953.090285162933,2076.82616437434,3311.58931382118,54.6612443870941,67.9389508767934,subj1,35-2.csv
1,,,0.238563101009984,0.119281550504992,-1,139.317746612116,136.089437180373,477.774848719097,1741.15005559099,2840.04880149215,51.2067973822461,69.6895455318748,subj1,35-1.csv
2,mʲ,N,0.0666701338402521,0.27189816793011,115.605693071739,135.920690427002,114.780613852214,280.168755046544,1888.7951874455,3311.88161218383,78.1624490382595,79.9825257976611,subj1,35-1.csv
3,e,1,0.113671300992001,0.362068885346236,113.461978975571,118.856673530381,108.484795296865,551.052167659184,2128.25393704572,3050.86830015812,79.5646930961225,79.8319721142841,subj1,35-1.csv
4,ɫ,L,0.067691898343551,0.452750485014012,105.554834604195,108.357245384215,103.044328693745,431.10197689574,933.649139287346,2536.54447569601,76.5048482528272,78.266233026055,subj1,35-1.csv
5,ə,3,0.0641157225820049,0.51865429547679,101.189527601793,102.981335277312,98.6420020227466,637.84835962534,1040.9444177507,2718.68425419616,71.9935187890605,73.3713313901274,subj1,35-1.csv
6,,,0.327337729853523,0.714381021694554,-1,104.955007360337,98.6148165888192,480.483053064602,1636.99833395596,2824.1592959011,51.9993270122847,68.1898624052757,subj1,35-1.csv
1,,,0.336442240296838,0.168221120148419,-1,-1,-1,500.187380129511,1701.19466388686,2827.12877923022,50.9030404492703,54.071563490816,subj1,34-2.csv
2,p,P,0.0292877287737102,0.351086104683693,-1,-1,-1,1274.84116957248,2190.96343655087,3044.07146741795,63.714300180891,71.0629761187312,subj1,34-2.csv
3,ə,3,0.02046991796012,0.375964928050608,-1,-1,-1,336.051259408004,2183.31053909435,2883.0156743983,73.2793351972499,73.5027054576897,subj1,34-2.csv
4,sʲ,F,0.073691704656432,0.423045739358884,-1,-1,-1,1622.34499256538,2933.2542296719,3982.01567040622,69.0240770595247,72.7009959506412,subj1,34-2.csv
5,tʲ,P,0.119040445983467,0.519411814678833,-1,-1,-1,470.700214544189,1709.6611121451,2850.85646000099,61.7862198198816,75.4036866683302,subj1,34-2.csv
6,ɪ,2,0.0529068648815409,0.605385470111337,118.25801738423,119.40155135868,116.119471603184,321.720771795204,2024.59618017868,3060.51324190815,80.2831193353597,80.5476191391808,subj1,34-2.csv
7,lʲ,L,0.0636142065837576,0.663646005843987,111.566548125475,116.028110714555,109.235983830803,322.098949459778,2194.59057335549,2631.4484686916,77.278443691776,79.7297256994497,subj1,34-2.csv
8,i,1,0.112112166058503,0.751509192165117,105.219244557786,110.220192055795,100.473882392782,305.765171255715,2331.29384670577,3336.67713913744,74.7755503797624,76.8347077989419,subj1,34-2.csv
9,,,0.342684157912207,0.978907354150472,-1,105.63286276666,101.109539699414,525.054916618039,1649.77468354677,2939.30495640435,51.5946551419917,66.5457678443277,subj1,34-2.csv
1,,,0.29835392739001,0.149176963695005,-1,-1,-1,465.728577880822,1725.180972652,2605.85447114878,51.4611344760979,52.6156520952593,subj1,34-1.csv
2,p,P,0.0389393816975874,0.317823618238803,-1,-1,-1,599.202294377584,1508.19330419962,2815.2139356667,62.5522083610209,73.5746995996173,subj1,34-1.csv
3,ɐ,2,0.0654220326748491,0.370004325425022,113.449155120331,120.303803027171,111.010577880143,478.405084219126,2206.01021161404,3021.05939528984,79.3425960479931,79.9173502265798,subj1,34-1.csv
4,sʲ,F,0.0836401023819948,0.444535392953443,-1,111.662562461321,111.576328361479,1209.50851263638,2967.36590508208,3765.50503079179,72.7318609787887,75.4455139602961,subj1,34-1.csv
5,tʲ,P,0.115502998527517,0.544106943408199,-1,-1,-1,519.781071205532,2006.67380746963,3287.29449486146,63.3239447931138,78.4418049236076,subj1,34-1.csv
6,e,1,0.10241645189632,0.653066668620117,116.487725587989,126.538971627186,111.334800633157,407.929039271916,2242.82804656571,3249.47214580644,82.2743857017872,83.1100211108883,subj1,34-1.csv
7,lʲ,L,0.0733984571923627,0.740974123164459,106.330518520238,111.148380216132,102.698665679757,291.876805501554,1901.58156118811,2788.28436425724,76.5588741068316,81.9176361603832,subj1,34-1.csv
8,əᶦ,3,0.0893299052651236,0.822338304393202,102.384386136691,107.345253997729,99.9851814213392,406.361190851512,2233.89661082525,3137.51717597635,71.4878979311264,72.2844253312245,subj1,34-1.csv
9,,,0.265695155672649,0.999850834862088,-1,103.993933632926,98.6456563726335,512.719458910985,1650.56737090453,3029.59392178033,53.1655956453071,66.2369374208245,subj1,34-1.csv
1,,,0.305768229718804,0.152884114859402,-1,-1,-1,436.084642426777,1578.52890934894,2999.14458995638,52.2301266531945,54.2431898647787,subj1,33-2.csv
2,lʲ,L,0.0934123530672658,0.352474406252437,118.050180634402,119.221325088852,114.158415179581,555.540769449583,2043.15261277805,2769.62064818607,72.3584023916269,81.2619991451136,subj1,33-2.csv
3,ɪ,2,0.041976437137822,0.420168801354981,114.419989496893,114.65987215672,112.629689439152,445.365367021111,1786.01081423557,2601.82818070487,80.9171281071164,81.6083232593297,subj1,33-2.csv
4,s,F,0.135093181492849,0.508703610670317,-1,112.505344242907,112.368880366932,1717.09794046843,2393.78867942324,3927.2477131653,79.0424135196441,80.9040734735949,subj1,33-2.csv
5,a,1,0.125929311413466,0.639214857123474,103.46252590388,111.864228879852,98.7983462852086,728.064826301032,879.944536494478,1772.24784922194,74.7730527840911,77.6500851550868,subj1,33-2.csv
6,,,0.448069920276369,0.926214472968392,-1,104.316554476222,103.980771288979,457.542633683064,1823.22380694691,3284.59567661737,52.5846279104839,63.7008456507828,subj1,33-2.csv
1,,,0.324541571882912,0.162270785941456,-1,-1,-1,549.125210932775,1734.82956751414,2760.2101436532,51.6496373053352,69.1609741018404,subj1,33-1.csv
2,lʲ,L,0.0502146602194445,0.349648901992635,112.712647105849,116.696333485177,112.052867192758,329.2059972013,1801.32857724829,2535.35619908924,74.5549414758981,78.4283646045795,subj1,33-1.csv
3,e,1,0.115493718504722,0.432503091354718,112.064524471087,115.896244491643,108.189178384241,456.27719500441,2026.03881417961,2826.84402650955,81.4863591420889,82.5381571510486,subj1,33-1.csv
4,s,F,0.145749006360535,0.563124453787347,-1,108.200492263601,107.932800759607,623.354830398355,2105.27693241194,3105.40334984899,72.8396269255161,75.2700745430057,subj1,33-1.csv
5,ə,3,0.0609911251315796,0.666494519533404,102.317999658625,107.673256146942,96.1332928971926,686.790150103445,1627.00568643546,3644.18961826436,70.8965531650286,71.7907104753703,subj1,33-1.csv
6,,,0.374234407696724,0.884107285947556,-1,106.142528302329,95.6958287897713,419.762243246065,1716.79253776684,2990.44990923759,50.8641198505135,66.2236428869993,subj1,33-1.csv
1,,,0.241755297975218,0.120877648987609,-1,-1,-1,519.242565435612,2122.82539909991,3272.6771162556,50.5835546463118,74.982183566333,subj1,32-2.csv
2,ʊ,2,0.0958010371202018,0.289655816535319,116.021967995506,120.891074295597,112.962591242873,454.820662306771,781.732238485561,2379.79919388015,78.9107750257638,79.5765036352387,subj1,32-2.csv
3,ʐ,F,0.0789897974332434,0.377051233812042,110.807237132156,114.771354072411,110.325250000108,1765.49781799684,3132.35818015922,3566.82126715583,75.0175673434253,77.616515560133,subj1,32-2.csv
4,e,1,0.123435951674106,0.478264108365717,107.301397165756,114.942004648834,101.099195444105,493.383050785663,1651.34364484617,2302.88582063351,77.4571016176702,79.9654289942874,subj1,32-2.csv
5,,,0.241491838699725,0.660728003552632,106.547976428645,108.547629266476,99.0950880388235,498.367354440332,1695.30077160546,3042.12268247654,52.7539831190973,69.4777727307844,subj1,32-2.csv
1,,,0.326976533692177,0.163488266846089,-1,-1,-1,465.041744359185,1610.59303403195,2931.40076770461,50.5297965004237,71.8356576998951,subj1,32-1.csv
2,u,1,0.141506902334426,0.39772998485939,118.506310092385,123.673770702219,114.238077438381,334.030683388926,709.089430430692,2800.65361782375,80.5344477046547,80.8436687172855,subj1,32-1.csv
3,ʐ,F,0.084285531991543,0.510626202022374,106.186430917096,112.268295730249,104.934220799782,1626.7914027405,2990.3927113026,4306.02692160491,72.651304108703,77.5199585283632,subj1,32-1.csv
4,ə,3,0.105421353469545,0.605479644752918,104.083001401155,110.49182322396,101.186557393815,622.034198341203,1609.96924399328,3229.32379784747,74.1238768125466,76.8544278429483,subj1,32-1.csv
5,,,0.404258658104146,0.860319650539764,-1,103.401571831316,98.3249068710473,494.810884919654,1792.27059754231,2907.42092898099,51.277260536217,67.4990814902894,subj1,32-1.csv
1,,,0.264373015120241,0.13218650756012,-1,-1,-1,543.967534779541,1541.56625072784,2705.41659107806,50.5867555318324,53.0196988492747,subj1,31-2.csv
2,p,P,0.0331453280852875,0.280945679162885,-1,-1,-1,867.437579056751,1470.56401961823,3047.47318746659,65.8914711315264,74.7262730466989,subj1,31-2.csv
3,ɐ,2,0.0539867086237637,0.32451169751741,115.76375435132,116.669903815265,112.650718475166,617.90818869462,1238.62659859996,2167.50319721105,77.6029662882587,78.4591857251603,subj1,31-2.csv
4,ʂ,F,0.116761951209535,0.40988602743406,-1,113.468892584402,112.938549929934,1311.57469395213,1659.81549463052,3455.98415417003,70.7227125368088,72.9194892422071,subj1,31-2.csv
5,ɫ,L,0.0371629436107768,0.486848474844216,-1,117.590885173098,117.092078516478,495.201948534511,1778.64677276445,3427.69785982933,71.1886684161094,77.70000373307,subj1,31-2.csv
6,o,1,0.12605268711223,0.568456290205719,110.112642420041,116.907745539023,102.51397178337,585.831819620705,820.995062630973,2587.4520587264,79.1488109878379,80.8766729298744,subj1,31-2.csv
7,,,0.2377917426554,0.750378505089534,104.177030300675,107.837161033508,100.378551922121,474.082442842803,1869.96406331983,3076.35209695877,52.0027869279569,68.8909067729507,subj1,31-2.csv
1,,,0.268884304288851,0.134442152144425,-1,-1,-1,554.40150150932,1771.13039543322,3214.86390193977,50.6887505778339,57.8429719709035,subj1,31-1.csv
2,p,P,0.0237235582566264,0.280746083417164,-1,-1,-1,640.625452203086,2104.24732868437,3075.90961529861,71.1040154735709,77.701299127708,subj1,31-1.csv
3,o,1,0.121839509071069,0.353527617081012,117.184703268106,120.732179826835,108.731957557819,511.187968139722,884.292561468107,2325.3567732635,82.7821709093752,83.7667792679783,subj1,31-1.csv
4,ʂ,F,0.120667975330001,0.474781359281547,-1,108.549937415359,105.594859978714,1264.69390338721,2258.05402273904,3271.46532491438,67.5258614305794,74.8441707796493,subj1,31-1.csv
5,ɫ,L,0.0699991410288113,0.570114917460953,-1,-1,-1,571.887797111674,1621.19409478125,3211.10047778844,66.4118921944598,72.9023595131536,subj1,31-1.csv
6,ə,3,0.0975301839439087,0.653879579947313,101.358389767937,104.332947609047,99.80531170897,715.215937476114,1315.6603908646,2839.8051391491,68.6580788725433,72.971259109117,subj1,31-1.csv
7,,,0.324679591119281,0.864984467478908,-1,103.743661287054,103.283432305288,469.222850052201,1487.83461086909,2676.19524791035,51.0012942898458,60.0573705181803,subj1,31-1.csv
1,,,0.204925015828746,0.102462507914373,-1,-1,-1,523.318182516261,1780.30348882854,2814.34865497777,50.321541949519,55.9285787437907,subj1,30-2.csv
2,p,P,0.0268421026870783,0.218346067172285,-1,-1,-1,1622.94629186133,2682.40182622181,3790.48181406027,69.3810035800571,76.7374543761738,subj1,30-2.csv
3,ɪ,2,0.0438238411217604,0.253679039076705,118.505559023716,121.624941698572,110.821045601316,348.715309892235,1811.88683204459,2554.66642137813,79.8911332417625,80.6516061050158,subj1,30-2.csv
4,k,P,0.109011804790379,0.330096862032774,-1,115.050522704184,111.873718743766,427.706439801498,1521.53297097881,2948.21589384093,60.680328452549,73.3956870326088,subj1,30-2.csv
5,ɫ,L,0.0336895778623533,0.40144755335914,120.356261883354,120.795396744241,117.1632873022,497.099483051266,749.470400038681,3022.43941956718,74.1756893829918,78.396460214533,subj1,30-2.csv
6,o,1,0.128732533295171,0.482658608937903,109.189498484144,116.712446530773,100.11181751997,560.391718265531,889.014145378013,2727.34255763375,79.2968470928893,80.7876105684675,subj1,30-2.csv
7,,,0.374925237793197,0.734487494482087,-1,103.304264632569,90.4070309680452,532.676824028998,1626.28451522019,3031.1336003878,51.8575366871514,69.5233207807062,subj1,30-2.csv
1,,,0.265652218873629,0.132826109436814,-1,-1,-1,446.528289131727,1824.83247015884,3034.18933078874,51.6017464571351,53.340188550243,subj1,30-1.csv
2,pʲ,P,0.0340258432563013,0.282665140501779,-1,-1,-1,526.393401320801,2087.87882169404,2421.97502208049,66.0986068151041,75.4929643359864,subj1,30-1.csv
3,e,1,0.103149209871464,0.351252667065662,117.968430123222,122.443490572372,111.462727834296,483.04062970764,1812.68575653528,2427.89951210681,81.0621605288438,81.6990111662553,subj1,30-1.csv
4,k,P,0.134227932845724,0.469941238424256,-1,117.661778564801,112.089403681444,414.699045464826,1833.31148148965,2956.23462688951,56.9044103042664,73.4721571771492,subj1,30-1.csv
5,ɫ,L,0.0372408835639833,0.55567564662911,104.497104863433,104.963083683378,103.476449043545,496.501445349464,997.328422311853,2514.15740333371,72.5553774213903,72.8898220977272,subj1,30-1.csv
6,ə,3,0.0771609673843682,0.612876572103286,101.130141911873,103.631485200799,99.7791040439499,474.207685128826,1115.56758883872,2602.76980555676,69.8228672046203,72.5236607817996,subj1,30-1.csv
7,,,0.200266300213601,0.75159020590227,-1,102.246323452663,102.089502082464,511.247148116227,1605.24164819363,3175.51542932508,50.4120576687559,61.7446822058716,subj1,30-1.csv
1,,,0.375185161055053,0.187592580527527,-1,-1,-1,515.402265239234,1704.07408945726,2854.7706661081,52.5619983895955,71.4148836687776,subj1,3-2.csv
2,ɪ,2,0.0906903865525351,0.420530354331321,124.468079194611,128.338183568831,121.517752143413,302.283120742725,2483.71212772101,3248.68522427017,80.9702321303023,81.3559422415094,subj1,3-2.csv
3,rʲ,L,0.0358775155592447,0.483814305387211,120.545328554962,121.368774989211,119.29978380152,296.221117698945,2361.57555763473,2759.88996759063,79.5140478902642,80.4955388583455,subj1,3-2.csv
4,i,1,0.128561097420627,0.566033611877146,110.77959991085,120.293165477271,104.805394706848,291.369208552241,2545.97993406648,3473.92320970147,77.2741948393111,79.9752062837319,subj1,3-2.csv
5,s,F,0.169089402033848,0.714858861604383,-1,104.801041680576,104.793035750227,1740.75280162729,2687.9358232522,3745.9452091801,65.7138952939209,69.5427643151963,subj1,3-2.csv
6,,,0.21914519021316,0.908976157727887,-1,-1,-1,424.373353667769,1871.26061669955,3133.3621810834,51.0404729474763,55.7241765171505,subj1,3-2.csv
1,,,0.271551305628719,0.13577565281436,-1,-1,-1,415.959403104208,1615.80588798118,2654.70983654437,51.286612805946,66.1598538838497,subj1,3-1.csv
2,i,1,0.141344797866356,0.342223704561897,123.189876017532,147.308232387215,114.175779076411,297.810170575365,2540.57253590968,3694.51852704106,80.5510773650865,82.1458508505355,subj1,3-1.csv
3,rʲ,L,0.0497692950233647,0.437780751006757,110.191958593388,113.882565090548,109.660044415464,275.881436015104,2321.24602587452,3389.14056246638,76.765530734832,78.8825528968221,subj1,3-1.csv
4,əᶦ,3,0.0786354861369163,0.501983141586898,108.669191074948,110.155257155871,102.452062162638,293.225184536146,2064.9717718343,2653.37673047122,76.6630423844479,77.6628195934032,subj1,3-1.csv
5,s,F,0.153953019272275,0.618277394291493,-1,102.699383128822,102.478554356011,698.3645468724,2400.0920959357,3907.49093478045,64.9171387024915,67.0564345058709,subj1,3-1.csv
6,,,0.261820926004342,0.826164366929802,-1,-1,-1,439.413996314217,1508.91563737444,3078.5830384315,51.339861479267,55.606794642128,subj1,3-1.csv
1,,,0.282315638253822,0.141157819126911,-1,-1,-1,548.713343224634,1727.24371811053,3065.050017077,51.7107512690617,54.6224698870165,subj1,29-2.csv
2,p,P,0.0252943858668804,0.294962831187262,-1,-1,-1,639.329400934553,1854.00298681961,2665.93026071199,68.1520423933052,74.7757531301212,subj1,29-2.csv
3,ɐ,2,0.0891442919386173,0.352182170090011,116.544094300982,118.248400304515,115.398753522102,660.530639908127,1098.47805122628,2239.50508127701,80.8789078145048,81.4863136157422,subj1,29-2.csv
4,r,L,0.0653233654426231,0.429415998780631,114.880879069643,117.227503382841,109.227205273648,696.38470574857,1657.29508158672,2370.2219678827,78.4749452971196,80.350592012212,subj1,29-2.csv
5,o,1,0.0611485638917788,0.492651963447832,112.751539154916,114.098777468208,110.165384530115,598.858431726018,1591.54540837405,2686.44244628293,79.1846734550768,80.2928249952705,subj1,29-2.csv
6,m,N,0.100931966905707,0.573692228846575,106.422210549293,110.082947447912,100.514463634316,254.73894659242,1561.29148971588,2622.38501037603,74.7685834286313,77.7324395684497,subj1,29-2.csv
7,,,0.306590087020299,0.777453255809578,-1,107.371896288735,94.5342317402146,533.421262158554,1517.48010206405,2904.68946432259,52.0068859650711,67.1837047252579,subj1,29-2.csv
1,,,0.269279411163507,0.134639705581754,-1,-1,-1,499.638055107813,1713.89124060153,2819.32431730234,51.3994974847922,54.6670718923938,subj1,29-1.csv
2,p,P,0.0379307370092072,0.288244779668111,-1,-1,-1,681.883405217249,1303.08568613771,2651.67545758793,68.0828547480222,78.1112653111692,subj1,29-1.csv
3,a,1,0.104053238011744,0.359236767178587,116.14922836356,121.303742418926,112.157785299842,692.763801463159,1174.25115116002,2516.35665425026,81.4524293200459,81.488450075875,subj1,29-1.csv
4,r,L,0.0548457954052051,0.438686283887061,107.935346919395,114.895572880554,99.4226284446611,653.732794447277,1636.45621053713,2340.32405040805,77.9351473487678,80.8520806309681,subj1,29-1.csv
5,ə,3,0.0553583729323565,0.493788368055842,108.25849557453,115.794402102804,104.501198616621,683.278371917346,1528.72363953747,2457.3403910735,75.4866854949808,75.8002223998469,subj1,29-1.csv
6,m,N,0.120968296407742,0.581951702725891,102.872416591054,104.227637466505,101.089345798459,277.630778566699,1583.42757519055,2585.91863959024,70.2338300233566,74.2475124364666,subj1,29-1.csv
7,,,0.261963242040759,0.773417471950142,-1,101.488368543255,91.4520459009858,508.999568710548,1675.5348056608,2778.22203901318,50.9188520001519,64.4297214189116,subj1,29-1.csv
1,,,0.271207322435092,0.135603661217546,-1,135.492348157845,132.857562224811,492.197791490306,1664.76957370907,2857.70701478148,51.6509558261668,67.2662258131265,subj1,28-2.csv
2,n,N,0.036120769615934,0.289267707243059,118.50441837918,136.385943975947,111.603583060819,263.035600214397,1709.92563542275,2629.84068727693,74.1957969282416,75.6505419992465,subj1,28-2.csv
3,ə,3,0.0537016751812117,0.334178929641632,110.743276833816,111.564698513813,104.648886880668,450.716722680046,1611.2879517073,2401.93734133315,76.1984439907609,76.4579766038342,subj1,28-2.csv
4,tɕ,A,0.129779048354595,0.425919291409535,-1,109.417805280211,104.082049501811,680.138562031316,2604.50115535514,3665.97273594917,70.9713408766765,73.9919705351511,subj1,28-2.csv
5,ɐ,2,0.0396369507289895,0.510627290951328,119.132276083551,124.813198601099,115.939373782194,542.967302613635,1363.98610388949,2476.42352147094,78.5436131316522,79.0473848969501,subj1,28-2.csv
6,ɫ,L,0.0732004977172468,0.567046015174446,113.218879918786,115.794005515949,111.921131058205,547.967272467856,808.964193552997,2585.57353011142,78.4571948296376,78.9997708829701,subj1,28-2.csv
7,a,1,0.0987727239940143,0.653032626030076,106.103169049127,111.883086374302,102.42272470274,668.65932161199,1162.18875623864,2491.43720589053,76.1725997360514,78.379378501542,subj1,28-2.csv
8,,,0.421503914467248,0.913170945260707,108.293263746282,108.293263746282,101.754026299455,523.703889555817,1724.06785336907,2780.45157239731,51.0159534691115,68.846915459247,subj1,28-2.csv
1,,,0.295953103575388,0.147976551787694,-1,-1,-1,481.444267833677,1581.48471153933,2950.87569507234,53.3522235468605,68.5299869301653,subj1,28-1.csv
2,n,N,0.0534803053011795,0.322693256225978,116.47826198148,133.767382724957,113.538892772752,260.126906536699,1773.28582313832,2797.74681287787,75.7340545745834,76.6045527705632,subj1,28-1.csv
3,ɐ,2,0.0498910230662009,0.374378920409668,110.844703044358,113.86091965528,106.845092114087,451.948466482673,1716.3620794644,2676.19513325131,76.4823803894607,76.6853643104414,subj1,28-1.csv
4,tɕ,A,0.155056992551071,0.476852928218304,109.655431283876,111.558736049823,102.951565107847,761.57404698869,2668.53855388441,3704.56575395928,68.8262210447361,74.9205640796052,subj1,28-1.csv
5,a,1,0.108755251719848,0.608759050353763,112.257457069155,126.1746255476,106.108744248253,670.169256076569,1331.04773138037,2440.04674649366,79.1103397371,79.4767233006714,subj1,28-1.csv
6,ɫ,L,0.0685552906880891,0.697414321557732,104.239714844412,106.118109460413,101.699370496006,559.925129946804,885.390162281212,2607.00391967067,74.6760818459097,77.4260964165611,subj1,28-1.csv
7,ə,3,0.0394821045847634,0.751433019194158,100.832729732407,103.388988218321,99.7121548423303,588.322409384864,1114.53698906519,2527.77926114136,71.3427494973184,73.2529764409681,subj1,28-1.csv
8,,,0.35272615527083,0.947537149121955,99.8464486117065,102.596553111465,98.6549767492737,506.49780740117,1654.78519122039,2763.66341026321,52.8052949386271,68.9938491348681,subj1,28-1.csv
1,,,0.349857376267409,0.174928688133704,-1,139.810263021959,132.126720697487,460.051365515462,1649.65091667075,3076.27587165147,52.849761442796,70.3306260721231,subj1,27-2.csv
2,m,N,0.0600413660813443,0.379878059308081,115.048091537352,140.156693312007,113.163253825991,275.888684070266,1466.48955859374,2660.444948502,77.6307109077347,79.4669261336083,subj1,27-2.csv
3,ɐ,2,0.0749316248695177,0.447364554783512,113.314697009593,115.286181316916,112.331669114102,676.926007952635,932.126219901968,2465.40525808295,80.5730356733327,80.7157530332371,subj1,27-2.csv
4,ɫ,L,0.0703684810473354,0.520014607741938,113.191869333595,113.883710959828,112.789814273811,635.253487172868,2950.70980562236,3807.30598360353,79.6090407106628,80.1179658150877,subj1,27-2.csv
5,o,1,0.12104339401999,0.615720545275601,108.602239603022,113.75289661977,103.65449024293,515.584273610896,892.149589093874,2722.49101932131,78.1766448294846,80.7150715326664,subj1,27-2.csv
6,,,0.263281567238213,0.807883025904703,-1,107.203550568402,105.489901170688,492.469404881693,1541.35192071745,2849.01475844363,52.8646909954274,63.4221771422921,subj1,27-2.csv
1,,,0.441070584849248,0.220535292424624,-1,129.868216143403,120.549483839783,521.368847385755,1550.76603878218,2708.97569811478,53.3882236798722,70.1024875097403,subj1,27-1.csv
2,m,N,0.0885559098154091,0.485348539756952,115.568632637962,129.662230196396,114.857677405186,259.385479026224,1362.08128001238,2777.85228087972,78.7458509061317,80.7279175495541,subj1,27-1.csv
3,a,1,0.116265339660876,0.587759164495095,113.713449956261,117.328389493222,109.386436800043,661.908949579378,1001.96283783559,2354.3579986416,81.0181560755594,81.3850633314046,subj1,27-1.csv
4,ɫ,L,0.0891272382658311,0.690455453458448,105.804768277929,109.314305585471,103.479737942063,344.819146716398,769.452159936604,2947.68913026657,75.8711372212454,79.023145991628,subj1,27-1.csv
5,ə,3,0.098554157697794,0.784296151440261,100.684964751135,103.892365260623,98.4320679141611,558.85377238844,1007.60120332682,2568.99994732926,70.3524031664186,72.515846813511,subj1,27-1.csv
6,,,0.378150125719913,1.02264829314911,-1,104.894446771074,103.572885583989,512.7919907354,1697.68266472766,2997.81706683175,51.1957982498472,60.3749012173474,subj1,27-1.csv
1,,,0.307390991508469,0.153695495754234,-1,132.242360518973,127.533482034023,428.529057855385,1786.41571115846,3074.77075352432,56.7533819929153,66.83121732153,subj1,26-2.csv
2,z,F,0.0962843461952249,0.355533164606081,105.380886140217,133.606026953027,102.513791295305,232.595197794866,2180.24103563412,3679.34280184453,70.5917089992928,73.7905025179518,subj1,26-2.csv
3,ɐ,2,0.0689093850220728,0.43813003021473,117.321748010602,123.628497200213,113.189815709688,639.281426900964,1355.6484781604,2329.14786385083,79.4565357511543,79.8546767055783,subj1,26-2.csv
4,m,N,0.0928231442078149,0.518996294829674,116.756303012546,117.86027067205,113.198667128293,259.790581605565,1391.37136149205,2546.80015338356,79.6838234894508,80.1441929822734,subj1,26-2.csv
5,o,1,0.112331737227762,0.621573735547462,108.990986770965,115.694084722152,105.209711148023,746.006929363831,2482.82135262271,3899.43933221343,75.22868311046,78.4953319443952,subj1,26-2.csv
6,k,P,0.106982606883583,0.731230907603135,-1,-1,-1,903.451063345852,2484.32729551089,3866.15315488963,59.9164270715128,62.6834639991546,subj1,26-2.csv
7,,,0.32162699530428,0.945535708697067,-1,-1,-1,531.483046408611,1604.94746268307,2783.47927899091,52.6032393494923,55.4330038163913,subj1,26-2.csv
1,,,0.311898738784922,0.155949369392461,-1,-1,-1,685.354147319427,1776.13081594174,2919.13588514633,56.4853220023269,69.8202630410962,subj1,26-1.csv
2,z,F,0.0988920347767505,0.361344756173297,111.397141771036,118.517085493359,107.812162169692,340.759099777235,1765.10854634136,2518.7676700075,73.5716168280966,77.9545543462474,subj1,26-1.csv
3,a,1,0.117373497013717,0.469477522068531,115.457565336663,120.56219538774,107.396591164326,682.473832531623,1268.93967951031,2300.79818680883,80.735323802235,81.2882395946042,subj1,26-1.csv
4,m,N,0.0855983514133185,0.570963446282049,107.274774355284,111.000636505522,103.677370700065,255.155323734349,1371.85230835488,2775.32732345104,76.2349346276053,78.0016679997554,subj1,26-1.csv
5,ə,3,0.0479869545801936,0.637756099278805,100.921897844939,104.0981410045,95.0069105535178,486.050739267763,976.692223382765,2446.89606689113,70.6635711112233,71.5311931118029,subj1,26-1.csv
6,k,P,0.143312391381389,0.733405772259596,-1,94.8549693896798,92.8740759893205,506.660693095915,1837.17768629439,2933.10002025577,56.5670257306119,66.483360535692,subj1,26-1.csv
7,,,0.213486784884176,0.911805360392379,-1,-1,-1,460.240824140685,1549.10080319554,2983.8078175413,52.0779632010484,54.9639565663371,subj1,26-1.csv
1,,,0.314176563948966,0.157088281974483,-1,-1,-1,426.898782301784,1576.67808158304,2737.68599495535,53.4308145177377,59.1576033363732,subj1,25-2.csv
2,ʐ,F,0.0997645032866186,0.364058815592276,115.010574744427,130.014654958169,109.6510575839,406.51787791676,2428.43079806552,3210.52953749001,73.7757418558924,77.7786572411333,subj1,25-2.csv
3,ɨ̞,2,0.0678952869589488,0.447888710715059,116.038116580885,116.516230446753,114.316542144694,464.968376087558,1453.10939484666,2717.60347653692,80.5347489132727,80.8883301296244,subj1,25-2.csv
4,ɫ,L,0.0859083222745883,0.524790515331828,116.197880956993,116.644714091935,114.519438120146,439.808208902312,910.759958578143,2778.33949511253,79.6505250724561,80.2686778975934,subj1,25-2.csv
5,a,1,0.117223291361777,0.62635632215001,108.930906262568,115.31314668284,100.873296628525,499.44125294606,1192.15097410895,1947.93640749909,77.3505665701957,79.6553412311154,subj1,25-2.csv
6,,,0.421381238518308,0.895658587090053,-1,100.443759546792,95.4178638167818,498.110529356063,1556.96044686528,2778.9875016376,56.465302100254,68.6030813064932,subj1,25-2.csv
1,,,0.297975273818949,0.148987636909474,-1,-1,-1,479.559933374108,1535.38600452178,2977.02793286809,56.9089760912869,58.9347980797304,subj1,25-1.csv
2,ʐ,F,0.117147441948669,0.356548994793283,116.164247381602,117.995575282501,115.090016429759,2108.80765138877,3046.70387126351,3509.02207945186,70.7230850805995,78.0857965588742,subj1,25-1.csv
3,ɨ,1,0.113783402190447,0.472014416862841,119.530638037222,121.298596249566,116.128321740389,362.94592284284,1745.34574828835,2349.88401002511,80.504870891374,81.1578248799534,subj1,25-1.csv
4,ɫ,L,0.0852600425132779,0.571536139214704,112.46968909324,116.006637449713,111.511881242759,359.656756726235,1058.24445209409,2871.63651514207,77.916677773032,78.9875478832216,subj1,25-1.csv
5,ə,3,0.107582671825845,0.667957496384265,107.301770975603,111.425321446044,101.979311922258,596.639806568241,1005.22996159598,2494.95421156846,76.0894095886902,78.1448937241146,subj1,25-1.csv
6,,,0.331924637090567,0.887711150842472,-1,103.851591872903,98.1324785687319,459.052347305395,1667.71082800015,2772.17507926116,54.1873095863175,67.73201135024,subj1,25-1.csv
1,,,0.390037379569333,0.195018689784667,-1,-1,-1,389.215991727426,1561.25198891256,2744.42338216317,52.2330648811405,66.9634793960297,subj1,24-2.csv
2,v,F,0.0652586944662493,0.422666726802458,114.689699980328,123.490548744489,112.424353021258,629.542390636806,1592.03683390204,3146.97962774144,72.4257019706974,76.9530602854878,subj1,24-2.csv
3,ɐ,2,0.0468523960270507,0.478722272049108,114.081624932165,115.100132743206,112.567266553226,550.407006156288,1096.21904011593,2288.02885482873,79.5592142183585,80.5174119867759,subj1,24-2.csv
4,r,L,0.103744591202755,0.554020765664011,113.173228302821,117.836097394152,108.244931177616,480.779279854036,1255.45466589426,2171.92864261802,79.5087797548458,80.9439122522916,subj1,24-2.csv
5,o,1,0.0702785940405761,0.641032358285676,111.264030256852,113.424166336611,108.614663748553,497.122461995545,918.739925171758,2501.52041585629,78.8274557354641,80.6820343572795,subj1,24-2.csv
6,t,P,0.133863988648717,0.743103649630323,112.19994802655,115.16618931202,103.641571974026,509.480692540349,1899.03487614506,3090.97726151174,57.8838153405246,72.4755863536541,subj1,24-2.csv
7,,,0.278762541986362,0.949416914947862,-1,-1,-1,533.013990799836,1653.90640774181,2756.31328568481,52.3098098445191,54.0154167281933,subj1,24-2.csv
1,,,0.360654151554141,0.18032707577707,-1,-1,-1,525.640426211069,1675.00619691397,2858.11451347635,51.7383592491304,66.8292409477513,subj1,24-1.csv
2,v,F,0.0992895643876867,0.410298933747984,111.943771650752,117.211071934324,108.741893691264,224.740724268642,1940.28411347825,2944.12800113235,71.4769275735078,78.4737193537753,subj1,24-1.csv
3,o,1,0.0877824956672594,0.503834963775457,115.851718487492,116.336709536053,112.764063966723,488.356456697961,786.477647167898,2448.62813454741,80.8113465844668,81.2009761241224,subj1,24-1.csv
4,r,L,0.0720013728506735,0.583726898034424,107.776853259798,120.278845295269,100.5408680143,402.244288849167,1413.48544219924,2381.39681174253,76.3938142883416,80.5679040141554,subj1,24-1.csv
5,ə,3,0.0677273187545148,0.653591243837018,105.167465145419,119.478442830878,100.696458487509,582.974172550661,1348.44821292436,2453.15334568296,74.7039506175703,76.4581284091461,subj1,24-1.csv
6,t,P,0.173263577590434,0.774086692009492,-1,-1,-1,716.412448874219,2073.24061382572,3288.89800711354,55.8925157041473,65.71063942725,subj1,24-1.csv
7,,,0.157830272029759,0.939633616819588,-1,-1,-1,537.72932397235,1676.26672322921,3021.96308777502,53.7859457397016,54.5499048155107,subj1,24-1.csv
1,,,0.266770329767506,0.133385164883753,-1,135.150369615426,132.156340903914,512.473837174514,1691.44871894159,3056.72800534882,51.4781568009662,66.3265096623758,subj1,23-2.csv
2,v,F,0.0703130010624964,0.301926830298754,113.978136777424,134.134725928881,110.209925949165,415.043558060026,1031.74040714078,2469.5559409786,73.8596787373909,79.4145153238811,subj1,23-2.csv
3,ɐ,2,0.0485494531145809,0.361358057387293,111.361793500511,113.942392815657,110.857217029829,607.283111702549,1266.88582455892,2160.89828187008,80.7331727493767,80.840943434815,subj1,23-2.csv
4,r,L,0.0968198863836756,0.434042727136421,114.165427926474,120.123244706211,108.542716828214,541.890569880921,1398.53810616367,2360.49094992651,78.6503169961584,80.7561790386028,subj1,23-2.csv
5,o,1,0.0647326041527745,0.514818972404646,112.794851355489,113.525618160088,109.468169312018,401.868182077032,875.03752576676,2610.42963562349,78.8279845762667,79.6583840726796,subj1,23-2.csv
6,n,N,0.0973779260746478,0.595874237518357,108.945080062012,111.640385035006,103.925773502129,250.365253092011,1298.47797510723,2737.36561505504,77.1361932170906,78.4277057754099,subj1,23-2.csv
7,,,0.338860835725498,0.81399361841843,-1,103.87282803968,94.6747005165999,528.130821198608,1730.62750367561,2849.26622252812,53.1685115281255,69.4774257344606,subj1,23-2.csv
1,,,0.354152668661111,0.177076334330556,-1,-1,-1,488.522449408908,1709.89060470984,3105.25994488218,52.3142546773586,68.2669535973532,subj1,23-1.csv
2,v,F,0.095558984956746,0.401932161139484,114.375358065338,120.871104705711,112.162112370405,394.352678455542,2254.26969131013,2401.23773642832,72.7472174950475,78.6053469445355,subj1,23-1.csv
3,o,1,0.107879483017207,0.503651395126461,119.425660014573,119.869858382933,115.136773622486,526.195494841094,727.244772363212,2506.56936975136,81.8230099302596,82.099024567548,subj1,23-1.csv
4,r,L,0.0811349872274258,0.598158630248777,112.342600342972,114.975603192134,109.893472362229,667.165962796597,1724.25372341939,2333.49033554756,75.4201016729152,80.1983345418576,subj1,23-1.csv
5,ə,3,0.0483804923837613,0.662916370054371,109.164196780033,110.546088701124,107.050791394774,597.792384749843,1232.04317562581,2190.79423229767,75.7233512422563,76.4586066709354,subj1,23-1.csv
6,n,N,0.0823369870382025,0.728275109765352,106.353995208459,116.557991633092,101.51552675361,291.460667210526,1639.44392826044,2783.1040571291,70.6013440090592,73.4080728880374,subj1,23-1.csv
7,,,0.328130092860671,0.933508649714789,-1,106.985469787788,99.896332230605,485.773307250278,1655.48548253463,3269.25267795082,52.518201349839,67.8558891793307,subj1,23-1.csv
1,,,0.254024622164121,0.12701231108206,-1,141.617870024888,129.945262769375,538.202552247156,1627.20887835776,2755.82092972596,51.2870357340609,69.3408495262696,subj1,22-2.csv
2,vʲ,F,0.0621564355587252,0.285102839943484,113.650816561614,142.101593512919,110.364897556649,329.149791157366,2065.49264208334,2470.25707098017,73.5593000474907,75.2222941124842,subj1,22-2.csv
3,ɪ,2,0.0668803246611883,0.34962122005344,118.043400502324,118.494382853353,115.081948751704,335.963723365861,1981.26471197616,2588.78630277547,78.6907936707841,79.1933189435883,subj1,22-2.csv
4,n,N,0.0934832790803227,0.429803021924196,118.484504011632,120.954453485168,114.17040166449,253.710413481755,2116.38396979216,2802.2443450988,79.2695217286208,80.0774923945728,subj1,22-2.csv
5,a,1,0.134009275064612,0.543549298996663,108.537353697445,114.084889200374,105.141603533384,779.820508510399,1493.92784417987,3511.45166359496,77.4755387509905,78.8170691656301,subj1,22-2.csv
6,,,0.311396176849716,0.766252024953827,108.208710466575,109.517353435312,93.0989985991821,517.441723113488,1602.48250651501,2811.40547434917,51.3133461644518,67.8373535434053,subj1,22-2.csv
1,,,0.257403204806969,0.128701602403485,-1,136.276936724238,133.586780157157,427.582288081788,1654.12166504208,3126.77090095239,54.9405696787196,65.6547869741137,subj1,22-1.csv
2,vʲ,F,0.0666517113906191,0.290729060502279,116.274022803617,138.085437192619,115.709820025802,312.48529892798,2094.51004018731,3019.03896191495,71.6785246184884,76.6962502944978,subj1,22-1.csv
3,i,1,0.13901642661472,0.393563129504948,117.705168544572,119.915161071724,110.668526824233,295.235391499834,2396.58586559831,2918.7056230503,79.6380720340084,80.0875834657239,subj1,22-1.csv
4,n,N,0.0963049217644047,0.511223803694511,111.464850419972,113.875438829577,109.259305304806,293.379816959289,2061.55801144072,2804.86676069513,76.662019644449,79.2253857811598,subj1,22-1.csv
5,ə,3,0.0642032811762698,0.591477905164848,108.921923036361,111.428066687774,105.998162973193,482.890676532747,1514.3641849727,2910.87493516397,74.4829486270566,75.0236303298311,subj1,22-1.csv
6,,,0.307168753566745,0.777163922536355,-1,107.179791392031,100.241924734945,476.859305317883,1614.39680725611,2796.47215250412,52.6301312032972,71.3608341190754,subj1,22-1.csv
1,,,0.254753710267845,0.127376855133923,-1,131.934284668468,111.585878227969,515.967639166578,1586.91135729189,2984.10316650855,50.4681476690154,65.3789490339838,subj1,21-2.csv
2,vʲ,F,0.0337684891995645,0.271637954867628,123.877636664392,132.206616788756,117.15883327631,309.276004425257,2220.74070743328,2855.79156488383,71.9206213947055,73.7165008473407,subj1,21-2.csv
3,ɪ,2,0.0500273914067622,0.313535895170791,122.36018448767,125.416293748918,118.922673154732,300.900684060059,2430.42041010003,3369.38868964779,76.4385816528034,76.8740126492537,subj1,21-2.csv
4,sʲ,F,0.110060261094877,0.393579721421611,-1,124.186704030314,121.260131401823,708.115144318327,2958.31346975181,3928.96296846121,74.6615630355011,76.4652128567658,subj1,21-2.csv
5,tʲ,P,0.120065739376229,0.508642721657164,-1,-1,-1,504.855826244294,1693.62670493034,3068.20103277227,61.0468815854528,73.5524361806957,subj1,21-2.csv
6,i,1,0.118502383394768,0.627926783042662,111.468899263644,118.37442449022,105.427592739109,298.790948362298,2643.06035218131,3537.2249017078,77.7731390084714,78.9073563445272,subj1,21-2.csv
7,,,0.366495494647709,0.870425722063901,-1,114.960338513399,108.156614070897,471.638634778451,1625.28155745045,2959.15386238527,51.3703741646423,66.2630086497277,subj1,21-2.csv
1,,,0.237986929922739,0.118993464961369,-1,-1,-1,452.082031998978,1576.10180805874,2799.5315362148,50.8996241593852,67.8663743649173,subj1,21-1.csv
2,vʲ,F,0.0867937185461069,0.281383789195792,118.185744769713,123.023721299043,117.522885625167,312.384164444728,1938.96609384298,2630.00890281256,75.6860206030491,80.6874304243436,subj1,21-1.csv
3,e,1,0.123525379346637,0.386543338142164,116.227393638392,119.851549904454,109.494924623622,348.547555603524,2191.32359178133,2785.53321519152,80.1219620141115,81.2784648974508,subj1,21-1.csv
4,sʲ,F,0.0631831667577024,0.479897611194334,-1,109.48636775556,109.47387589565,278.336273686749,2706.78623928012,3868.8533474477,75.4572005654102,76.1796592294361,subj1,21-1.csv
5,tʲ,P,0.13301719317411,0.57799779116024,-1,-1,-1,503.208141516845,1906.7486170518,3276.79523114,62.3541158229729,69.7929070573953,subj1,21-1.csv
6,əᶦ,3,0.0798103159044662,0.684411545699529,104.31653699173,106.428231693786,100.240309080288,315.679217098742,2291.06370362571,3213.34117533597,70.0123375564648,71.5192902021831,subj1,21-1.csv
7,,,0.232758126280211,0.840695766791867,-1,99.8291858459988,98.7083805328893,487.775309033522,1649.29006043276,2746.94111330098,52.232761343262,61.6467821645213,subj1,21-1.csv
1,,,0.211809950038019,0.10590497501901,-1,-1,-1,564.85059383441,2376.49811144773,2746.96349419955,51.5423281961203,66.2667751809283,subj1,20-2.csv
2,b,P,0.0219875429800598,0.222803721528049,125.179948327071,125.199874548986,123.0981907565,425.283469896448,1534.91951040599,2910.01673801822,73.2087679581183,77.3772877994488,subj1,20-2.csv
3,ɐ,2,0.0407611600362298,0.254178073036194,118.264678874513,122.775857869271,117.664808431635,561.350457816384,1409.06587527261,2405.91583623743,80.6517326911707,80.9810224628834,subj1,20-2.csv
4,lʲ,L,0.060122711053439,0.304620008581028,124.00796926674,124.45670598565,119.828760823164,375.310476973976,1713.28528467703,2509.17907483127,80.7031891831153,80.9584476159313,subj1,20-2.csv
5,ʂ,F,0.155232084471308,0.412297406343402,-1,120.486332148779,113.592375613787,2073.86533104905,3078.38629172987,4032.2208469432,74.6753133404017,77.7337696181727,subj1,20-2.csv
6,a,1,0.100204518422398,0.540015707790255,110.455558193289,119.413407231809,107.675508952907,667.352186276185,1180.87922182734,2406.16804089507,76.7640395860293,77.0099879310986,subj1,20-2.csv
7,əᶦ,3,0.124661214444136,0.652448574223523,106.200074568192,111.04705388396,104.2044216554,520.710770139027,1645.23719794069,2410.44964550109,72.993465351454,75.2691372396174,subj1,20-2.csv
8,,,0.268644854835589,0.849101608863385,102.552435488109,106.861896042565,101.521414971523,493.571153181791,1843.53155063097,2769.86308063357,53.7803528198155,68.6904848089411,subj1,20-2.csv
1,,,0.235273099477257,0.117636549738629,-1,-1,-1,601.476896458404,1873.41275211853,3331.34017538698,50.5352339835065,68.8041706645324,subj1,20-1.csv
2,b,P,0.0786740944925844,0.27461014672355,119.160579290988,127.961517455014,113.81864663429,453.886741348126,2203.27841474406,2990.1533971015,71.7931816324146,77.8424536645638,subj1,20-1.csv
3,o,1,0.0648970641206111,0.346395726030147,121.687487439216,122.361278276651,119.650316374102,470.335034591142,858.603846751545,2356.98362605028,83.1849155954586,83.8832043542077,subj1,20-1.csv
4,lʲ,L,0.0725106861682805,0.415099601174593,116.089741865331,119.988871703585,107.564835080056,397.254384879925,1720.39961960608,2032.47788817738,80.8262984815077,83.7490021298871,subj1,20-1.csv
5,ʂ,F,0.170762665926301,0.536736277221884,-1,107.459233510141,106.77798104371,669.602758147042,2419.59438034341,3135.04100180616,70.03984821814,76.0310973613107,subj1,20-1.csv
6,ə,3,0.0391557705308715,0.64169549545047,110.906377349343,113.005381471354,109.307889178205,651.197222479721,2139.06673900675,3519.12375861744,73.7695119886057,73.9632671138947,subj1,20-1.csv
7,əᶦ,3,0.104777941513165,0.713662351472488,106.984845962025,111.915865500847,105.659037828417,484.919194625455,1784.41528539103,3450.39320655093,73.5264868310719,74.0640927282085,subj1,20-1.csv
8,,,0.234946410197233,0.883524527327687,95.5690078957232,109.059567543456,94.9799496015334,477.089128952331,1768.10673966996,3295.62416848325,54.2997826176452,70.3382071338565,subj1,20-1.csv
1,,,0.260177136771116,0.130088568385558,-1,132.933273785989,131.816364101191,484.677832656985,1576.34862852168,2774.39392886719,50.4136058244306,64.8015121856041,subj1,2-2.csv
2,bʲ,P,0.0507445005813526,0.285549387061792,117.927617532423,136.167834299196,111.665093034841,316.104918743499,1960.06888671174,3185.9779517372,70.8644882327171,75.4548665728804,subj1,2-2.csv
3,ɪ,2,0.0389168350323155,0.330380054868626,119.441893215443,121.890606559878,118.460483172523,349.25386058443,2017.62811120126,2541.84651565395,80.3863109800125,80.9468682109621,subj1,2-2.csv
4,ɫ,L,0.123618181867355,0.411647563318462,124.575139694517,125.987629283063,117.820539980005,333.298413929799,958.683024711338,2637.40634665136,78.4014716763383,80.1806405146387,subj1,2-2.csv
5,c,P,0.139642760998309,0.543278034751294,125.626407513653,126.942044023769,123.366717003573,536.923276738254,2533.82702512881,3112.09829972732,62.3691351462728,71.4116579525874,subj1,2-2.csv
6,i,1,0.088135185220244,0.65716700786057,110.287047014708,111.846728813025,106.229187418861,285.710918155113,2494.81108216376,2526.38306842693,75.4295964673569,75.6289440148668,subj1,2-2.csv
7,,,0.290964946014569,0.846717073477976,104.135386143026,106.575683967975,102.696547742644,423.355557977159,1569.84277827815,2795.98519827298,53.2437499401382,73.2242028868791,subj1,2-2.csv
1,,,0.299006421973109,0.149503210986554,-1,-1,-1,541.006222555753,1637.84741532926,2831.5096269402,51.2043470637794,61.2574999536832,subj1,2-1.csv
2,bʲ,P,0.0616550361843527,0.329833940065285,118.803329284842,130.802476372545,110.999497345928,267.521566942737,2109.46347092107,2917.58551288174,69.7009483143691,74.6349047021289,subj1,2-1.csv
3,e,1,0.101893821952556,0.411608369133739,115.898155586754,123.977156726828,113.71778210163,404.606749853996,2167.38246686584,2625.75023186551,81.1850695383427,82.9945054745783,subj1,2-1.csv
4,ɫ,L,0.0834518732436152,0.504281216731825,109.567273205688,113.561699824202,107.484502829317,417.28316753398,870.14602617935,2575.98637249709,78.6062838582667,82.829338486767,subj1,2-1.csv
5,c,P,0.154898763747108,0.623456535227187,110.048255096083,110.368448494109,107.42616581267,772.065537926023,2413.69244659715,2821.39309154367,63.5467217440902,72.3572831286727,subj1,2-1.csv
6,əᶦ,3,0.089818447774736,0.745815140988109,105.784790382492,111.327415647929,102.772193786854,302.781215045413,2096.97180478067,2499.63546930512,71.1705051073542,73.1499496452718,subj1,2-1.csv
7,,,0.289275635124523,0.935362182437738,-1,103.928018280428,103.687435305469,490.250299370674,1675.23281659363,2828.73067171681,51.1385420181184,59.2135693802793,subj1,2-1.csv
1,,,0.239339131049253,0.119669565524627,-1,125.393396246787,120.96452613675,470.728808284345,1891.2389436614,2604.99878266133,50.8642927234985,66.178568299416,subj1,19-2.csv
2,bʲ,P,0.0496089374900293,0.264143599794268,118.858280126955,128.367771254811,115.360757981998,325.168162678287,1695.00674675133,2484.41332784361,72.6117077445246,78.2630396360865,subj1,19-2.csv
3,əᶦ,3,0.0517008806371992,0.314798508857882,114.474883937034,118.083192007831,111.249242191779,344.304051945481,2187.34394563364,2652.63954823652,80.0118998789041,80.1881149469354,subj1,19-2.csv
4,rʲ,L,0.0442296551115924,0.362763776732278,119.108297252526,126.087212928598,110.5934811213,339.730386425765,2103.62889259612,2783.31029722606,79.5103937919162,83.4646927283196,subj1,19-2.csv
5,ɪ,2,0.0525974277002721,0.41117731813821,129.448304599746,130.08055049557,126.286026109679,357.99090568656,1988.50606981147,2367.99331478336,85.356748832883,85.5682284422824,subj1,19-2.csv
6,ɡ,P,0.0932408945595731,0.484096479268133,123.757346696609,128.834315058664,120.800569873491,350.872018174217,1873.36192829345,3160.20689662494,75.6761615503817,83.7578846119716,subj1,19-2.csv
7,u,1,0.107585647568738,0.584509750332289,114.49806909101,120.848500879485,109.385151811418,345.911853115076,753.403582456997,2508.25579857772,78.2307251907554,78.9263191478236,subj1,19-2.csv
8,,,0.353896972368603,0.815251060300959,-1,112.383971070124,106.517874193286,529.469639531316,1749.87536976226,3027.7420377966,51.0718521754762,72.7528172817008,subj1,19-2.csv
1,,,0.258674803594392,0.129337401797196,-1,-1,-1,430.745324986911,1696.67922686675,2925.68469100809,52.0304928969577,70.2620245915258,subj1,19-1.csv
2,bʲ,P,0.0815508945945095,0.299450250891647,116.895499369282,127.764084599172,112.849790394064,346.399034716815,1994.67313952086,3497.12799769692,72.7513814152634,78.511966541659,subj1,19-1.csv
3,e,1,0.121958995519717,0.40120519594876,121.203560882659,127.672790930117,117.63074410773,347.516076987969,2040.72780942363,2379.05454890935,82.7210950437714,82.905353430581,subj1,19-1.csv
4,rʲ,L,0.0506937993425329,0.487531593379885,110.004352777928,117.545285994256,107.940547658067,333.685951642602,2307.63202397365,2759.3744169506,77.9183261686697,81.0356366517215,subj1,19-1.csv
5,əᶦ,3,0.0646529614803318,0.545204973791317,111.38862911145,113.640537483323,108.307033351845,425.01367334157,1596.96623204583,2376.1947181158,78.4080124539752,78.8818925444942,subj1,19-1.csv
6,ɡ,P,0.0819182409665568,0.618490575014762,106.931903399028,115.129529532532,105.94107618694,301.932052640321,1140.55838023255,2439.19829093193,71.9660715529449,75.9512645297365,subj1,19-1.csv
7,əᶷ,3,0.0925712857559297,0.705735338376005,109.856376627828,115.908350267339,104.166361389003,314.741375003553,733.163408456442,2520.78761423891,73.1187790848575,73.7938880803715,subj1,19-1.csv
8,,,0.292854302192742,0.898448132350341,-1,104.647295726162,100.379218735721,424.71185258567,1492.83483405242,2799.69687599639,52.1852350930628,67.5149590918631,subj1,19-1.csv
1,,,0.299839793892646,0.149919896946323,-1,130.556554964437,116.94385938653,519.788818151233,1675.40914748675,2976.55521443155,50.5171269547303,67.52203185488,subj1,18-2.csv
2,ɡ,P,0.0137517387387341,0.306715663262013,121.105118820822,122.261366831836,120.70844859275,938.070115985524,2072.24020123963,4178.06869220392,70.2508782418418,71.6412777993427,subj1,18-2.csv
3,v,F,0.0484929734471148,0.337838019354937,120.118505530547,122.859395205304,119.396978016013,417.066952475008,1119.08052335171,2643.42721830948,75.0976560371188,77.710206615008,subj1,18-2.csv
4,ɐ,2,0.073101348032218,0.398635180094604,127.164747669538,128.773989183082,121.695831870335,379.310158587923,1437.74835673794,2581.42872551106,81.3269233521446,82.0679384457429,subj1,18-2.csv
5,zʲ,F,0.0807009931246763,0.475536350673051,124.310866636287,127.421512342736,116.622933585815,316.345357579797,2701.49362590642,4106.67821025334,75.6634177994947,80.474213194307,subj1,18-2.csv
6,dʲ,P,0.0828723202939501,0.557323007382364,112.204485916318,116.952922263446,110.522011188503,333.085511675702,2074.45284077204,3793.60528344223,71.3511287671051,76.7711822776365,subj1,18-2.csv
7,i,1,0.0546450670933906,0.626081701076034,111.645875325276,116.809372490294,106.450436516368,326.418170805828,2503.56572447376,3067.74671166917,78.1094194122255,78.5395084661306,subj1,18-2.csv
8,k,P,0.163935201280172,0.735371835262816,110.618444812254,116.854745308148,106.478676984885,968.713380565139,2253.36614389559,3639.47517512357,61.061828813624,73.272944414838,subj1,18-2.csv
9,,,0.27143607430118,0.953057473053492,-1,-1,-1,464.392868507243,1589.55731886003,2752.92202803651,51.3448776590646,53.355659864632,subj1,18-2.csv
1,,,0.259712688034974,0.129856344017487,-1,135.102438562755,134.325193145555,790.149402923495,2036.09330643023,3339.46353750241,51.7320095381662,71.2815162499078,subj1,18-1.csv
2,ɡ,P,0.0552333538777483,0.287329364973848,121.138698631521,133.707033275334,116.399527316467,292.761430919968,1803.92274951265,3233.85981382224,75.0069388978926,75.8422322729877,subj1,18-1.csv
3,v,F,0.078182423446672,0.354037253636059,119.125875503788,121.183349836849,118.543782129702,403.148026024292,2219.41139748503,3378.95872443072,77.0673511885288,81.1780646132941,subj1,18-1.csv
4,o,1,0.112022576878814,0.449139753798801,118.848474760462,123.547318950392,111.518196976533,443.705026980075,894.693555872336,2319.97396617556,83.0240314464704,83.9884507653682,subj1,18-1.csv
5,zʲ,F,0.0984087220497911,0.554355403263104,107.801206847167,113.095034761077,106.651009343661,265.933520962387,2625.51363640826,3669.16430498352,72.8176204409842,79.3819957600589,subj1,18-1.csv
6,dʲ,P,0.0680692741451123,0.637594401360555,109.427799989284,121.520787693566,108.19463325314,251.805989487658,2225.25887697871,3847.45335524966,65.358054418386,70.5963045172147,subj1,18-1.csv
7,əᶦ,3,0.0501767792269686,0.696717428046596,114.722823629599,121.743203599152,105.032798282705,342.783895220882,2035.44333335064,2620.42996016334,74.3589754763981,74.8712700877194,subj1,18-1.csv
8,k,P,0.119412955214569,0.781512295267364,110.198097380138,117.590128552868,108.052258380912,435.96902501342,1831.91618808112,3382.18074888927,63.6719972475654,69.6966437421043,subj1,18-1.csv
9,,,0.282681453882721,0.982559499816009,-1,-1,-1,354.086131035818,1683.59096385336,2994.64181308095,50.9346856126673,61.5591498284092,subj1,18-1.csv
1,,,0.234412701425217,0.117206350712609,-1,-1,-1,511.716500029415,1665.48071302265,2963.52032563585,51.6898806753331,56.1418216761648,subj1,17-2.csv
2,pʲ,P,0.0356661325152724,0.252245767682853,-1,144.809265825032,144.391849852721,401.904737800258,1869.11624162637,2753.97368991878,65.9897994974938,76.7616298836332,subj1,17-2.csv
3,ɪ,2,0.0741346040138877,0.307146135947433,128.785790527782,144.101360974103,127.916565780016,285.42714648371,2390.08287896362,3890.2569047049,83.6593753976692,84.4467019237062,subj1,17-2.csv
4,lʲ,L,0.0848344437684693,0.386630659838612,118.748590238923,127.845010384008,114.265026539059,244.881370591938,2373.85540562298,2763.68133762439,76.7516026454654,83.3705045643659,subj1,17-2.csv
5,i,1,0.10929122035037,0.483693491898032,111.973700892561,120.197580875139,106.774782305507,299.558999888588,2311.57611772992,2597.34653463451,78.1845407429789,79.0193367248743,subj1,17-2.csv
6,,,0.322159764139935,0.699418984143184,-1,110.164599484381,104.125482490199,480.873659658325,1603.82711122695,2930.19380875646,51.4065935178378,74.2077980958112,subj1,17-2.csv
1,,,0.266527170912034,0.133263585456017,-1,-1,-1,475.524873546369,1458.78798204051,2544.70440223243,51.324778876496,58.0327883582639,subj1,17-1.csv
2,pʲ,P,0.0262400026475015,0.279647172235785,-1,-1,-1,2051.17001902717,2612.06314583961,3820.83133995884,71.8428119718454,79.5366009647576,subj1,17-1.csv
3,i,1,0.118080011913757,0.351807179516414,127.320533292084,135.525223651988,120.159448884619,272.951742675679,2401.05788018499,3273.1309830667,85.564343607219,85.9239125056587,subj1,17-1.csv
4,lʲ,L,0.101072602790376,0.46138348686848,110.822502619306,119.718071805018,107.631370224125,263.462159565237,2483.09070074092,3233.26680250166,77.1469436987799,83.2813386626814,subj1,17-1.csv
6,,,0.285089664242078,0.761854260849482,-1,103.848924352935,102.822219812752,472.377091665616,1537.66462231582,2634.90799314634,52.1875614524645,63.8742169763231,subj1,17-1.csv
1,,,0.212650480076585,0.106325240038292,-1,-1,-1,368.284674760172,1515.24381306133,2806.82960323346,51.3824937038453,72.6707566882558,subj1,16-2.csv
2,ɐ,2,0.057905565981957,0.241603263067563,129.381700550298,131.531523374853,124.987070555826,680.461648880931,1157.36422913958,2495.37310975727,80.7215528443901,81.3715682446899,subj1,16-2.csv
3,t,P,0.114712168790201,0.327912130453642,131.197436306082,131.438752869398,122.641382208591,645.401156603938,1576.78946413448,2783.62967799882,60.3505087591621,77.7706224205517,subj1,16-2.csv
4,ɫ,L,0.0439847272968561,0.40726057849717,113.891129748207,116.709021060211,111.202447498117,467.063066910648,974.853401211133,2667.68603709823,82.18758922858,82.5346128965266,subj1,16-2.csv
5,a,1,0.114360290971826,0.486433087631511,107.222687597201,111.039733388856,103.393228150631,530.545375352646,1260.57706085374,2585.45431521106,76.1438335097243,81.0597568859366,subj1,16-2.csv
6,s,F,0.183260096329801,0.635243281282325,-1,103.306929433316,103.068814618167,562.413237864546,2234.58039815743,3548.44951298884,63.2051383091897,69.1036583224692,subj1,16-2.csv
7,,,0.212650480076585,0.833198569485517,-1,-1,-1,439.127923389539,1466.77615741996,2736.19543459413,51.2643977601241,52.4909143648047,subj1,16-2.csv
1,,,0.403630660839927,0.201815330419963,-1,-1,-1,403.857459952948,1916.32423681558,3213.59681578935,51.8271073028829,69.5259953232109,subj1,16-1.csv
2,a,1,0.136481833343099,0.471871577511476,118.598301441268,128.852036001218,110.159745945049,674.407227701734,1149.10277049459,2655.9557022467,80.1492030237073,80.6375953374068,subj1,16-1.csv
3,t,P,0.0794394260740603,0.579832207220056,112.650620539949,113.198547769974,109.576831842207,602.206752256537,1780.89708067104,3172.08238532242,62.5362310511518,75.4842938986027,subj1,16-1.csv
4,l,L,0.0409445500029297,0.640024195258551,115.912002668782,116.151684722755,104.883569796108,735.656232471661,993.470878486178,2728.34294601873,70.1504365141772,74.3376149344381,subj1,16-1.csv
5,ə,3,0.0804892863305456,0.700741113425289,105.465177229504,106.718042771182,103.289044106302,581.392884479972,1147.63016703322,2671.41764216635,72.6858851598945,74.4016597190767,subj1,16-1.csv
6,s,F,0.174276802576573,0.828124157878848,-1,-1,-1,457.655171092079,1939.68623799908,3833.83149977714,67.7926478624346,69.4238913408165,subj1,16-1.csv
7,,,0.287662610900893,1.05909386461758,-1,-1,-1,412.767240907886,2005.26430660719,3003.36125732074,51.3255705879428,55.1373340408747,subj1,16-1.csv
1,,,0.368409495317139,0.184204747658569,-1,-1,-1,696.893508484845,1730.35473406868,2871.6864792732,57.5219964905936,68.1954586515341,subj1,15-2.csv
2,vʲ,F,0.0308517688788118,0.383835379756545,118.971806311108,119.90322203471,118.369862849117,404.244799035943,1987.53035306603,2687.63915498974,74.9011035253903,78.351064280378,subj1,15-2.csv
3,ɪ,2,0.0617250135380994,0.430123770965,120.969467624207,124.45421355626,118.512746220358,473.106959129822,1846.65568135508,2321.70244743389,79.8219853762396,80.8201454265105,subj1,15-2.csv
4,r,L,0.0330989203030388,0.477535737885569,124.641504078539,125.097031553803,122.455128201108,333.415714231859,1837.08971064046,2864.34353537485,75.2257140661441,75.8522935615097,subj1,15-2.csv
5,tʲ,P,0.129115608028971,0.558643002051574,-1,122.540883281508,122.281330817849,645.640534809723,2020.29362268888,2978.05378301727,65.7369337562718,74.4477144809226,subj1,15-2.csv
6,e,1,0.0405536320830026,0.643477622107561,111.636529742435,117.002591039272,106.879378638119,456.956988946763,2113.76405452564,2502.04412766009,78.4075971653263,78.7322464883665,subj1,15-2.csv
7,ɫ,L,0.104365964919492,0.715937420608808,103.387521834545,107.228672277291,96.4300911110767,518.185048249322,970.494621172816,2632.9513750611,76.0099046874683,77.7308761984037,subj1,15-2.csv
8,,,0.452378463144598,0.994309634640853,-1,102.303286099181,98.2704857239403,512.917239300984,1743.82951007118,2650.7206708972,51.8736115930277,67.212217248438,subj1,15-2.csv
1,,,0.249238892185783,0.124619446092891,-1,-1,-1,525.843774174048,1848.29703184186,2580.26205057284,50.9219655015904,63.2458875761786,subj1,15-1.csv
2,vʲ,F,0.0656113247014208,0.282044554536493,112.072316794109,119.554356877477,101.717609859111,287.268777844881,1886.10545088665,2597.13472779757,69.8249873847078,76.7308185195121,subj1,15-1.csv
3,e,1,0.144817788755388,0.387259111264898,119.301161424351,121.508606133872,96.6061921789599,469.003612054184,1849.60947135767,2565.60008372256,82.1635257527664,82.9834791546308,subj1,15-1.csv
4,r,L,0.030736836797062,0.475036424041123,94.0704502816266,96.4006839358741,93.9851782494089,464.147453682928,1982.0367838882,3597.81818451599,67.8371618676206,73.2213867502582,subj1,15-1.csv
5,tʲ,P,0.139497951617435,0.560153818248372,113.092739668059,115.059480491674,110.767283050731,454.719899703106,1927.95269764814,3532.80779404002,62.5669652404686,69.3746333087513,subj1,15-1.csv
6,əᶦ,3,0.0567449294714991,0.658275258792839,114.805863682834,115.314550766836,114.413445961826,490.651311306497,1576.18920989136,2414.59691211997,72.39589885935,72.6851140627629,subj1,15-1.csv
7,ɫ,L,0.0916194173758579,0.732457432216517,99.4047449172835,114.36110533521,89.1770484091281,622.812612608346,2290.40662025482,3205.71703416818,66.8954793102363,72.1161326147068,subj1,15-1.csv
8,,,0.231506101725939,0.894020191767416,-1,90.2500292209292,89.6994405804385,520.87914594606,1592.73970519556,2795.70372151005,53.854395897819,57.914288123831,subj1,15-1.csv
1,,,0.280542872800365,0.140271436400183,-1,-1,-1,481.728416411504,1545.51794532555,2867.59527909764,50.9381025700266,63.5368017538206,subj1,14-2.csv
2,k,P,0.0438649342642617,0.302475339932496,-1,134.304665850506,134.304665850506,606.561062946871,1217.8175479442,2961.0657337169,65.6905286851098,71.4706151256868,subj1,14-2.csv
3,r,L,0.0407943888657634,0.344805001497508,118.293827997983,134.172961515147,109.882555735794,392.735070147005,1257.06238635761,2684.23377486165,74.7787696059352,77.5392965476695,subj1,14-2.csv
4,ʊ,2,0.0671133494243204,0.39875887064255,129.989086514278,130.831281078448,125.512635740391,489.375135494744,1467.7022271469,2593.40218794342,80.7102496535525,81.1082004921276,subj1,14-2.csv
5,ʂ,F,0.0657974013963926,0.465214246052907,123.020437027416,129.289308918609,122.947648185684,1399.49631319361,2634.03230661253,3701.94975100307,68.1595406381673,76.5224563434006,subj1,14-2.csv
6,c,P,0.127208309366359,0.561717101434283,125.697883414649,129.225145340167,125.697883414649,394.752333101533,1562.88380992224,2900.0786480679,62.3031846040365,74.7788988694792,subj1,14-2.csv
7,i,1,0.132033452135428,0.691337982185176,106.222715158322,113.517822864731,100.088628525062,275.997143100955,2074.58616019359,2580.40308608809,75.7263423439819,77.9432473838215,subj1,14-2.csv
8,,,0.436794951611056,0.975752184058418,-1,-1,-1,440.576834381995,1976.94716753671,3250.58974415212,50.6471592315712,61.9951641140212,subj1,14-2.csv
1,,,0.295944707712741,0.147972353856371,-1,-1,-1,510.812406356558,1716.09255970555,2904.34994437186,52.2462386181323,58.0642520894406,subj1,14-1.csv
2,k,P,0.0275118230068736,0.309700619216178,-1,-1,-1,540.045944624179,1950.57350345233,3114.78301900114,66.3997809462392,69.3859479325627,subj1,14-1.csv
3,r,L,0.0565957501855686,0.351754405812399,122.583535604052,131.594637842712,119.244894652895,344.893865662566,1946.34855455746,2521.93522409377,75.0915038726723,78.7229732827405,subj1,14-1.csv
4,u,1,0.117907812886601,0.439006187348484,118.907065649922,123.609745607811,111.380668523012,311.692490636017,890.675309894574,2177.95340737456,77.5528976383257,79.270240359748,subj1,14-1.csv
5,ʂ,F,0.06995863564605,0.53293941161481,107.973284822455,111.25635115991,107.969244924677,1555.04655660898,2439.4906381198,3787.70479781401,66.2758981383886,73.2536782375876,subj1,14-1.csv
6,c,P,0.139524245249145,0.637680852062407,-1,135.42593264476,134.917758708601,530.272814937782,1982.10789516424,2680.35200828986,60.5089427087028,65.3964715600781,subj1,14-1.csv
7,əᶦ,3,0.0817494169347102,0.748317683154335,100.891821926747,139.270234554776,96.96086284979,284.64617538398,2127.7757645748,2296.73018883689,67.6861036292478,69.3869246836151,subj1,14-1.csv
8,,,0.290830284115272,0.934607533679326,-1,99.4757433096925,98.07683243198,368.646416272348,1684.148605132,3084.71528628261,53.5619237903594,59.1114416741783,subj1,14-1.csv
1,,,0.258940372172773,0.129470186086387,-1,-1,-1,545.280046280548,1804.99362181669,3080.96700827443,51.5371905366727,54.0727399607521,subj1,13-2.csv
2,s,F,0.0705920086713644,0.294236376508456,-1,-1,-1,731.991383014639,2344.54955844841,3887.81053347903,59.6386533361191,60.9522152438254,subj1,13-2.csv
3,t,P,0.0819371529221194,0.370500957305198,-1,-1,-1,586.319147082651,2167.48888336197,3324.72877891035,62.9208946414421,65.9237739589989,subj1,13-2.csv
4,rʲ,L,0.0623982933791525,0.442668680455834,115.875999888637,116.869931852029,114.975875570508,363.502275494987,1942.84498370745,2646.28725398807,74.0951487905433,77.1906136761937,subj1,13-2.csv
5,ɪ,2,0.0327748611688478,0.490255257729834,118.719772471679,119.735452623517,116.362608489888,364.95899194224,1581.36407309014,2518.55064905799,78.0567675568703,78.1558579239861,subj1,13-2.csv
6,ɫ,L,0.0806765813387023,0.546980978983609,123.254212422796,124.160106213928,119.834765841055,323.783684195347,1080.04969271362,2311.81697047523,76.5990682049037,77.8462194285102,subj1,13-2.csv
7,c,P,0.139293159967603,0.656965849636761,-1,119.66185110981,117.60308564713,690.320873176022,2597.35124050772,3048.56550994224,63.1262265264166,68.8965960859692,subj1,13-2.csv
8,i,1,0.116602871466093,0.784913865353609,104.754276883115,116.16522338192,98.3329519191864,284.783645675532,1966.51186839172,2528.90997882469,72.9887556949171,74.2747996784642,subj1,13-2.csv
9,,,0.429959302087947,1.05819495213063,-1,104.084181880738,92.8385505163742,485.951491009368,1675.00114584807,2710.66383137267,50.3309845525712,64.1072398003126,subj1,13-2.csv
1,,,0.268440104977459,0.134220052488729,-1,-1,-1,453.880697653633,1657.90677931015,2620.56567117549,51.2617081038067,52.2244455704017,subj1,13-1.csv
2,s,F,0.0909358123473822,0.31390801115115,-1,-1,-1,525.798955755022,1952.27259866513,3143.5028848718,56.4394855147639,57.679318507088,subj1,13-1.csv
3,t,P,0.0786666948084497,0.398709264729066,-1,-1,-1,459.388056503525,2460.25358739754,3561.01010249592,58.5584220050161,74.0238870674273,subj1,13-1.csv
4,rʲ,L,0.0469113317665067,0.461498278016544,112.407065339738,124.959724185463,107.596129344839,313.997025105351,2003.94833802298,3429.78547787468,75.2753062189975,77.7804032909645,subj1,13-1.csv
5,e,1,0.103204929886315,0.536556408842955,122.495928599027,125.678797993508,116.319635970437,360.903257859794,2029.69504475074,2231.95075961207,82.3759312492033,83.0067764584739,subj1,13-1.csv
6,ɫ,L,0.0714495668443718,0.623883657208298,109.460824653022,116.175551103135,105.163521317491,413.37979123075,1087.6083617491,2578.71658527597,78.396364243515,81.3260130137527,subj1,13-1.csv
7,c,P,0.169602507155832,0.7444096942084,111.955548036539,113.293613855371,104.489326438839,764.450892808091,2071.58381346932,2924.8044841786,59.3146292227015,72.681930390302,subj1,13-1.csv
8,əᶦ,3,0.088048961161751,0.873235428367191,100.449553067342,102.481664534305,91.1926162612819,334.83611381494,1530.87219636898,2472.15156339159,67.6652505349221,70.0606637364201,subj1,13-1.csv
9,,,0.338363673818373,1.08644174585725,-1,-1,-1,430.932031360799,1572.75573440718,2775.11865128666,50.7572916896379,56.0327557223768,subj1,13-1.csv
1,,,0.277874738536037,0.138937369268018,-1,-1,-1,513.912826706105,1699.71283791726,3038.25926326144,51.1364884707471,70.3764428096718,subj1,12-2.csv
2,m,N,0.0434990427670537,0.299624259919563,115.227419531977,121.322728675101,112.580836462703,264.067869526133,1557.18703773119,2732.19193143243,76.5158451653563,77.9688695499874,subj1,12-2.csv
3,ʊ,2,0.0544183334210028,0.348582948013592,120.279856881524,120.858527330991,114.875204589125,593.578525083643,2051.44002032704,2696.93778254262,77.2541405367252,78.3414257779122,subj1,12-2.csv
4,k,P,0.112949412082709,0.432266820765447,117.707593133546,128.436554060628,106.284781866792,445.63541478294,1950.4669502316,3071.83672848771,66.9348078265893,74.3519639068586,subj1,12-2.csv
5,a,1,0.163198650049933,0.570340851831768,103.142993926939,118.834710281446,95.2833949756504,345.782383610611,1168.61457738185,2262.97379150522,73.0777770062021,77.5322808356054,subj1,12-2.csv
6,,,0.463184539696554,0.883532446705011,-1,103.002968322157,102.586913147889,498.253459919792,1766.91673675952,2813.82664148313,50.572382817155,56.3223049997066,subj1,12-2.csv
1,,,0.356062658240276,0.178031329120138,-1,142.832025157187,142.063822790725,423.499855312864,1699.42235770575,2932.06460666927,50.7843164024456,72.1818109385461,subj1,12-1.csv
2,m,N,0.0704700125905431,0.391297664535547,121.363740641369,143.040425946376,118.842031205292,242.149086937806,1621.57214287886,2726.77099988487,80.0909560596579,82.408290695932,subj1,12-1.csv
3,u,1,0.110531732076948,0.481798536869293,115.56067148448,121.466720728,107.791028709836,508.465787242476,2578.72945381776,3756.39903611932,79.7343746510365,82.4350614202166,subj1,12-1.csv
4,k,P,0.114875773948968,0.59450228988225,111.556623157167,118.560050825138,109.337386353333,905.571883690664,1130.72278391883,2537.06863352669,65.5720096550257,70.345056954496,subj1,12-1.csv
5,ə,3,0.0989476204182284,0.701413987065848,101.519415670229,125.415068216157,97.2930172190904,490.219367317097,1029.07905965153,2404.97582200269,71.021316486129,73.8368126687848,subj1,12-1.csv
6,,,0.364236919278325,0.933006256914125,-1,-1,-1,442.906856128638,1779.048241728,2879.41705810926,50.5228149924957,59.280195961714,subj1,12-1.csv
1,,,0.300440880332868,0.150220440166434,122.784024019401,128.585580753525,109.330021664916,525.4795703135666,1488.6224737315224,2549.4939168793135,62.47700416885978,77.2990503230968,subj1,11-2.csv
2,vʲ,F,0.0565459162845302,0.328713838475133,129.093769819314,138.958730056393,113.217084275711,401.49548218121953,1592.55804357674,2771.052635572476,75.03310855850711,76.0545215106729,subj1,11-2.csv
3,e,1,0.112531517602563,0.41325255541868,464.351130851309,497.817618853777,114.055727893714,883.5706405410008,1100.5654178572117,3247.380392786023,68.29240650692114,72.2833249017841,subj1,11-2.csv
4,r,L,0.0669719156614296,0.503004272050676,109.971482660991,110.862873070346,107.282794997721,470.9604557148443,776.5027808915138,2331.8542647676504,76.94280506690701,77.45715751929,subj1,11-2.csv
5,x,F,0.135049604963505,0.604015032363143,103.853700873719,108.048322586309,95.0544006153724,257.3741129640716,1712.929321064301,2767.35829385071,73.32110217480027,75.6585390790562,subj1,11-2.csv
6,ə,3,0.0320742811788324,0.687576975434312,96.0861085938692,96.9626519585882,94.693486275939,357.1790370937071,1890.5275553603374,2804.9433495223107,57.94874406035983,59.5260248508041,subj1,11-2.csv
7,m,N,0.109727804032848,0.758478018040152,-1,-1,-1,409.5484360846226,1952.7313576289125,2997.6464743889624,51.534512997079744,55.3278114620045,subj1,11-2.csv
8,,,0.196431322573809,0.911557581343481,-1,-1,-1,--undefined--,--undefined--,--undefined--,--undefined--,52.1002042113603,subj1,11-2.csv
1,,,0.276519740326643,0.138259870163322,-1,-1,-1,515.650112873269,1512.38985380883,2891.4037128397,50.6664308665049,51.9922743824794,subj1,11-1.csv
2,vʲ,F,0.0804670562907552,0.316753268472021,122.045658702465,135.72685119521,102.861688456966,281.296182042846,2073.48654478604,3198.24792797519,71.8702633674704,77.4887416727406,subj1,11-1.csv
3,e,1,0.132798778214113,0.423386185724455,118.770937615296,120.743058301108,105.743738566134,470.881066869223,1893.76001914097,2437.39434399087,81.8095996942245,82.5806867492053,subj1,11-1.csv
4,r,L,0.0467046550498788,0.513137902356451,107.918677306323,110.304050440423,103.234403874409,425.422912781007,1954.96379244898,2539.27356462598,73.5131820013042,74.8983545135959,subj1,11-1.csv
5,x,F,0.135049604963505,0.604015032363143,-1,104.154230516434,103.208695695245,736.147227225166,1271.95982539043,2860.87249705378,62.5388035932444,70.8080350126421,subj1,11-1.csv
6,ə,3,0.0320742811788324,0.687576975434312,105.261951812266,106.073398616282,102.32245773381,276.394941421404,825.389347982882,2316.72401992424,71.230368378895,71.7385020546134,subj1,11-1.csv
7,m,N,0.109727804032848,0.758478018040152,102.320695889124,123.746160709224,100.102927718445,262.349720006665,1995.78084623989,2949.35438110254,69.407281267281,71.3668304995311,subj1,11-1.csv
8,,,0.196431322573809,0.911557581343481,-1,-1,-1,510.210505731953,1843.78057436848,2644.34256317957,50.7250611759904,63.7400657224761,subj1,11-1.csv
1,,,0.181634408620923,0.0908172043104613,-1,-1,-1,512.747800882317,1984.34997890853,2990.45606096677,50.6742361928683,53.2476358473587,subj1,10-2.csv
2,p,P,0.0432262950953778,0.203247556168611,-1,-1,-1,718.080770908722,880.683248260969,2492.27974330002,58.4306270430991,68.7098852292317,subj1,10-2.csv
3,ɫ,L,0.039748317329083,0.244734862380842,116.135585422618,118.390764516047,115.250886184563,544.121690470646,1002.18858818231,2504.01864076566,75.2257036276364,77.0236107975624,subj1,10-2.csv
4,ɐ,2,0.0496853966613538,0.28945171937606,116.826050855168,117.396158301647,115.898229261616,505.312638101694,1448.20896503104,2550.86112636055,77.54208655555,77.6942440065425,subj1,10-2.csv
5,ʨ,A,0.15452158361681,0.391555209515142,115.912678417504,118.094440465583,113.855851107317,648.289880240118,2433.36216579042,2705.43308725614,67.3706393031829,75.3218225378423,subj1,10-2.csv
6,u,1,0.189045189819311,0.563338596233203,103.67176493289,126.135988430472,95.5511600992877,317.280813219291,735.607460104916,2582.24310156716,74.1512054789012,79.0670898724522,subj1,10-2.csv
7,,,0.246537901827663,0.78113014205669,-1,-1,-1,532.949820874162,1792.10714491538,2884.27373703966,49.830951040843,53.8584626134698,subj1,10-2.csv
1,,,0.185497797627823,0.0927488988139117,-1,-1,-1,549.258516061138,1711.92302015881,3066.19288753461,50.0201709652109,52.234385843753,subj1,10-1.csv
2,p,P,0.0462208902147279,0.208608242735187,-1,-1,-1,526.315053730051,2160.54724565526,3579.74600556769,61.4483942355083,74.0403376339146,subj1,10-1.csv
3,ɫ,L,0.0718433402250662,0.267640357955085,119.374395823923,127.89907930043,118.014320396643,493.393521194131,881.366677541973,2627.44945519781,80.5649786757038,81.6966004166895,subj1,10-1.csv
4,a,1,0.139667472605374,0.373395764370304,112.179596785348,119.137607244951,102.42791386968,568.777556168542,1545.37343326782,2467.68342838908,80.0187843191075,81.8012809149226,subj1,10-1.csv
5,ʨ,A,0.108518611808492,0.497488806577237,-1,-1,-1,1889.49561498473,2535.31266355617,3701.89775022068,64.8030484155158,66.2682870630537,subj1,10-1.csv
6,əᶷ,3,0.103494602002543,0.603495413482755,103.215294059069,104.506654655652,94.5703654476197,326.201247514107,1127.904592036,2590.6850748793,68.6094075866393,70.5511823616514,subj1,10-1.csv
7,,,0.249156378486496,0.779820903727274,-1,-1,-1,496.872015529715,1678.82519094188,2898.27683186444,51.1789370558364,58.2681141154193,subj1,10-1.csv
1,,,0.197618001480371,0.0988090007401854,-1,-1,-1,469.083254483295,1638.39742243148,3046.12078941137,53.9312782465797,61.8234385668904,subj1,1-2.csv
2,ə,3,0.0381158563226594,0.216675929641701,-1,-1,-1,651.224313031779,1793.45535113833,2609.07507119192,64.8749192257293,65.3851896266559,subj1,1-2.csv
3,t,P,0.115312527355894,0.293390121480977,-1,-1,-1,354.928228228248,1560.08140377628,2734.4614109845,54.7739897012066,76.172633585163,subj1,1-2.csv
4,n,N,0.0562199139127198,0.379156342115284,118.966400569101,120.640888165747,116.45993774738,291.240830209885,1641.36750199866,2613.15460168491,80.3123091524046,80.9369697514657,subj1,1-2.csv
5,ɐ,2,0.0325562577754996,0.423544427959394,115.542260394591,116.753292444369,114.20825782429,293.214407157335,1985.27820371199,2625.40031239867,76.58539180357,77.9353669291427,subj1,1-2.csv
6,sʲ,F,0.114830048161936,0.497237580928111,-1,114.494493898669,112.57674852939,1747.89911829817,2622.31615340263,3930.90182728213,68.778345470853,74.3449559183295,subj1,1-2.csv
7,i,1,0.106145422670697,0.607725316344428,109.159275719838,136.041523433951,104.403243939319,278.345311069974,2188.13999894716,2912.49050141374,73.3253630405774,76.2662223822206,subj1,1-2.csv
8,ts,A,0.152463425290638,0.737029740325095,-1,-1,-1,674.982929464106,2465.76324012215,3762.21677265881,69.2168377850936,72.0172164618861,subj1,1-2.csv
9,ə,3,0.0716750246700213,0.849098965305425,102.730593873617,106.296207663876,97.1166321564581,556.792692668177,1659.75826814038,3607.76598426973,72.2746332484532,73.7255255827912,subj1,1-2.csv
10,,,0.247761935057977,1.00881744516942,-1,103.33983598171,100.160873009995,455.386917311897,1667.57593593801,2488.1057353173,51.6718371034829,61.5464735940877,subj1,1-2.csv
1,,,0.471790438027494,0.235895219013747,-1,-1,-1,482.739875397632,1972.54729257579,3170.03529784258,51.7003479784503,59.287709824897,subj1,1-1.csv
2,ɐ,2,0.104646653732421,0.524113764893704,129.681619450128,135.723977971987,124.424097944849,638.887302207363,1471.03399288252,2613.92290135424,80.0422822045679,81.4082392524159,subj1,1-1.csv
3,t,P,0.139539006786865,0.646206595153347,139.702281916467,160.424943155661,128.985480565885,411.389671442745,1861.65799230715,2836.93428252939,59.3514480247848,77.5553421046919,subj1,1-1.csv
4,n,N,0.0705543527220099,0.751253274907784,116.153066949951,141.923815905754,109.696849782022,599.008050670239,1853.14051160552,2770.1471153674,80.7355393854834,81.7920932280665,subj1,1-1.csv
5,o,1,0.0510009984615587,0.812030950499569,107.697821718546,109.625479927881,104.4768003507,299.885076614086,1236.19701500319,2466.09029557351,78.2937339023937,79.4536125760946,subj1,1-1.csv
6,sʲ,F,0.102280798728899,0.888671849094798,-1,104.433391824465,104.203470175867,423.274434097114,2683.07035451759,3746.46578224881,70.9157847362757,75.5534555864465,subj1,1-1.csv
7,əᶦ,3,0.0503536239896117,0.964989060454053,101.224645196335,106.22615422944,90.2541696573611,332.944563938816,1808.38897321376,2862.14947434913,71.9322300637339,73.1766197088978,subj1,1-1.csv
8,ʦ,A,0.124310509224354,1.05232112706104,-1,-1,-1,518.320366337964,2460.30081282834,3778.00133224992,68.7959392847751,71.0813246931765,subj1,1-1.csv
9,ə,3,0.0928394942308468,1.16089612878864,109.912357214286,115.513418115973,99.2507776441864,364.326543913178,1564.65786743918,2941.97410591802,68.1411449557236,69.7025946988189,subj1,1-1.csv
10,,,0.311709067406598,1.36317040960736,-1,102.959971696502,102.959971696502,351.565894286576,1664.70081151062,2654.71217151288,51.4580354361284,58.9075054001876,subj1,1-1.csv
