numphoneme,phoneme,duration,timef,f0,f0max,f0min,f1,f2,f3,intensity,intensitymax,id,rec,reduction
2,ɐ,0.0980820806662046,0.281944335737503,215.984441926392,218.591836050168,203.959051572497,594.032594130605,1466.14503474187,1755.47415761069,58.8899364073982,59.8334245718506,subj2,9-2,2
5,o,0.142844372513869,0.639384401521054,184.666470126421,196.372388044252,182.311068503451,492.911993283542,749.890762565015,2623.95567215814,59.2368864432473,59.8255287080505,subj2,9-2,1
6,ə̝,0.188264933359292,0.804939054457634,177.203677978339,183.684570665457,172.176168536645,336.467203547458,1782.67826306585,2436.9062568995,55.187533827003,58.4611442288808,subj2,9-2,3
2,a,0.159080419281488,0.400337969827392,208.520981154629,223.559643042176,195.986770243816,701.156618825472,1695.51423609927,2598.11503324651,61.5071574676949,61.8705605482363,subj2,9-1,1
5,ə,0.0855703338373349,0.744916495346862,214.65864184788,225.913989325793,211.729221141397,509.501112915835,1948.74702323246,2668.57079133921,60.6325759140421,61.0894248394789,subj2,9-1,3
6,ə̝,0.168269179962008,0.871836252246533,208.871106932321,212.583490190316,193.139497487024,638.789256331819,1874.9960153296,2710.48431839315,58.8054159892312,60.5990120431132,subj2,9-1,3
1,ɐ,0.104230759077856,0.219138530906979,206.482374241159,216.224524865095,200.66392909853,727.521257891902,1811.91682684217,2520.18753374733,58.2267016173939,59.703397168074,subj2,8-2,2
4,a,0.22758076982088,0.549716559698285,177.603107101351,200.46424072024,176.659441031899,827.85187361978,1708.16417866172,2919.7183342439,58.1242608764521,58.830651038916,subj2,8-2,1
1,o,0.159424842595406,0.541379726634415,209.055742996186,218.204589472189,203.920677223387,505.07395476026,1036.8100022844,2630.89447844504,61.016657230971,62.1929564538471,subj2,8-1,1
4,ə,0.0879585338457414,0.828772019512341,213.0516359591,220.485879358119,203.483221549242,482.375415737394,1724.08421670569,2727.27138354304,61.8813239603426,62.6822615707445,subj2,8-1,3
2,ɪ,0.0997836222524059,0.256043511405764,212.169955156804,227.940279419588,203.602346944727,402.113599480051,2490.22011576745,3278.98928678759,58.6257954393307,58.853082344223,subj2,7-2,2
5,i,0.186745885220983,0.693642078266874,184.404749589534,195.426806226134,180.041986793592,248.402612994493,2279.65661658055,2555.19834082342,59.7292426526977,60.855049172524,subj2,7-2,1
2,i,0.150687486355307,0.330933030151202,223.912285069089,237.062856223256,208.249518055962,384.200915178441,2660.11231584144,3484.85279187132,61.0550108746037,62.3588495416703,subj2,7-1,1
5,ə̝,0.114157186632809,0.743203555590831,218.752951620992,225.633972252569,206.70189843382,423.590747039715,2488.14216230103,3294.46470613998,61.7710044128138,62.8423370741353,subj2,7-1,3
2,ɐ,0.114811534992547,0.261794843737674,224.057625284899,229.425173078419,212.463311370964,712.927511387969,1755.99389645939,2417.30062445277,61.1313533107119,61.9260323234896,subj2,6-2,2
4,a,0.178859292116489,0.509683385198855,186.880037622006,194.18521490231,179.182668776825,961.766957734605,1532.56000854785,2163.06465431057,57.8941518595886,58.8719169774619,subj2,6-2,1
2,o,0.204584298137614,0.361959088098262,223.513587539171,232.753502095224,209.32387704544,560.764130149203,855.661270334565,2698.35803291752,62.8079366376893,63.2577991048231,subj2,6-1,1
4,ə,0.110375179921656,0.603056387674606,217.406576746219,226.563794589143,204.026064205297,788.445537550219,1791.2900087267,3073.05920101467,59.2011357018281,60.6493539991772,subj2,6-1,3
2,ʊ,0.116056398824242,0.291858469162295,238.662487710324,245.388780020457,212.780770862183,373.178757344726,2148.66629822158,2669.43599540277,60.6265765862353,61.0502229120687,subj2,5-2,2
4,i,0.167976366719298,0.614067681687493,186.719356095946,189.971351138379,181.601895525442,262.704495245355,2780.66915949099,3926.61295347842,59.2466063348258,59.6294774135755,subj2,5-2,1
2,u,0.188671117584284,0.390612560692563,231.15465752286,246.616704813491,199.908202603869,363.052219831081,894.261855475206,2894.85034703815,61.8020354907934,62.980285533652,subj2,5-1,1
4,ə̝,0.148197115462243,0.716583947013925,217.681343857487,231.197105409773,200.40217147689,426.307129408233,2151.15589770091,2759.33930876067,60.706497520183,62.4441382064117,subj2,5-1,3
3,ɐ,0.0774247596423271,0.351321944429183,220.362463189141,222.436015942435,206.400973548614,684.088603582244,1164.70589976303,2815.45762933611,60.6595346762153,62.024294068649,subj2,4-2,2
5,o,0.104039520769377,0.608396341679098,187.429153807591,197.81788007051,181.492083373571,458.341534643492,650.567071448303,2580.27205260511,57.4761616123627,57.7804718693223,subj2,4-2,1
3,o,0.130995530554193,0.532086554886212,226.125427741241,233.175850583758,212.014152809513,502.174696434357,827.13483015092,2633.74369495773,61.7317407517158,63.0065345737055,subj2,4-1,1
5,ə,0.0710930517580544,0.771367335571886,216.862236742782,227.118129334096,209.835182245241,470.066966170313,996.88559809025,2555.69499119285,58.1314168707373,59.3553551061457,subj2,4-1,3
2,ɪ,0.0826936070630448,0.259309300661235,213.813287315188,216.805751763459,206.85762934996,424.334735411428,2183.41908362166,2487.66789228618,58.532411595377,60.938435909619,subj2,35-2,2
4,a,0.179661705821496,0.517972934659033,169.793464879733,173.54880891454,165.284628933318,1580.28634196235,2496.84761148673,3911.63177360574,53.2836304140185,54.0371210157465,subj2,35-2,1
2,e,0.168419705115537,0.368751228324069,213.500080605001,230.712877826955,202.586910422528,651.335927990711,2171.09300877268,3006.05981946053,60.0345767461026,62.048059338148,subj2,35-1,1
4,ə,0.151814945456259,0.621973813128063,227.60671365566,235.693940904365,206.706178493081,732.812464929431,1619.1454901456,2782.52489139913,61.1504890709786,62.0784979804009,subj2,35-1,3
2,ə,0.0621494638320445,0.221261206859585,219.573049974413,233.033900803952,209.25457546693,420.48694380217,1950.995982899,2583.96666880842,61.5950872900594,61.9808260576222,subj2,34-2,3
5,ɪ,0.0978854055354701,0.521132369849199,221.336584616525,228.088132532391,203.56318885745,412.724218437956,2494.59428595447,2832.11797678384,62.5024789750849,62.6638265906888,subj2,34-2,2
7,i,0.145274371707404,0.737490190814504,180.240876438397,182.713457254489,167.34128780777,263.322345346745,2644.97586643057,3068.86072442756,57.8379163769834,58.9725041584661,subj2,34-2,1
2,ɐ,0.0902717102782394,0.215590060903674,189.913639813846,212.486792127839,179.291758766955,419.08191197668,2182.37751584334,2780.3509956109,57.4658978090449,58.5963942757327,subj2,34-1,2
5,e,0.188958579989196,0.567879235336973,234.477418468517,241.514626496042,213.853613229322,460.724851806179,2362.56718382623,2899.86852726441,66.7083120087961,67.6510885512802,subj2,34-1,1
7,ə̝,0.117047217564158,0.789733438563155,236.944795268437,238.913899802406,215.724346656266,444.664956342667,2275.23533069131,2755.89588792031,62.9311056008399,65.3401142432313,subj2,34-1,3
2,ɪ,0.0621494638320445,0.344006397927872,220.182522670836,221.604988297139,216.063420677671,414.110288406029,2106.11802709803,2840.77772816096,59.7666244598567,60.2514059329928,subj2,33-2,2
4,a,0.233837357668067,0.652811546343344,183.087822535074,204.131170596416,180.542720644425,1121.76072372405,1368.11485000386,2477.74460104811,58.8379627775752,59.4119547924205,subj2,33-2,1
2,e,0.14976357881662,0.505948927354571,220.648541457416,232.161644880427,207.415640473535,573.403285837288,2152.3334964292,2792.37411725642,59.8872352639647,61.7867832402009,subj2,33-1,1
4,ə,0.165680480913073,0.825733960383296,221.142585958357,231.499629772747,210.634842815456,846.136005664324,1685.75349501319,2594.3262475786,59.0233798399073,59.7676281874789,subj2,33-1,3
1,ʊ,0.14180449977002,0.296175733925745,222.12928144533,229.989385668739,209.98722790195,426.477743900749,951.022064186926,2745.22523488742,61.2538378672168,61.9446963983092,subj2,32-2,2
3,e,0.213990048295483,0.549738506410244,192.932012929486,198.407494684149,181.923203842532,578.132557275235,2018.32524991877,2721.36547406014,59.6468905293026,61.0751825795809,subj2,32-2,1
1,u,0.190051388083553,0.293516851469907,226.983177750859,242.1457180044,212.461301360205,399.59586911585,706.028240661894,2638.31488714905,62.0766596624877,62.8958711346688,subj2,32-1,1
3,ə,0.110920901045128,0.523479031051006,227.628938927187,230.572845581724,220.474094619678,447.269493196756,1815.59973963173,2702.45801509887,62.4106007972939,63.1854510094625,subj2,32-1,3
2,ɐ,0.0798456311004697,0.287568580924296,227.143603918631,231.179714937014,214.740135456659,674.582410396098,1514.87709208196,2690.72134758543,61.5493909135743,62.2276447783381,subj2,31-2,2
5,o,0.182588171119456,0.702941992715342,187.720025120689,190.167258420374,166.942280499937,666.833306621588,1465.05983390953,3219.73660362711,59.2778852220576,59.6533503989561,subj2,31-2,1
2,o,0.142316364064569,0.326338873611057,222.851928025526,233.443846256938,211.369920597172,498.625312845681,1078.16562780696,2620.1967747339,62.2431715206706,63.3377828796875,subj2,31-1,1
5,ə,0.114788737110517,0.745289796440876,223.000166406974,224.111733417371,215.070052775404,606.654604022326,1626.16502826509,2656.8884715624,57.9748662967973,58.2797371761191,subj2,31-1,3
2,ɪ,0.0776992301885591,0.213655436415952,215.658614820316,228.414211506509,210.158903675136,407.5385184205411,2243.7087557942727,2738.5108941209196,58.3559123425798,62.6993959150825,subj2,30-2,2
5,o,0.157859521966801,0.539218726708286,191.762240844239,194.53177031137,183.615618022227,445.82430676719383,1073.35727052574,2670.7887856640477,59.1805872554247,59.6296601142494,subj2,30-2,1
2,e,0.151289809686304,0.329220278661193,214.267261278543,226.964295427154,207.741183342036,626.002779627454,2363.99116926044,2976.61175223446,59.7334285518094,62.7117765416928,subj2,30-1,1
5,ə,0.141510620467037,0.71319726712358,211.494721558539,220.532332554462,191.536057308352,664.80781602929,1409.82505004017,2758.8729518999,59.4727531498185,61.2928504444724,subj2,30-1,3
1,ɪ,0.159597166888431,0.211061566735618,205.76187822948,215.491011259985,200.698145295119,403.13622316371465,2723.7485532588166,3386.2409806211176,61.2152637633966,61.9945933973804,subj2,3-2,2
3,i,0.152030059837686,0.446673763542892,180.635474906887,192.846268709631,172.410557897745,293.3170736516327,2685.713065202394,3272.480411536387,58.4205797205404,58.9535722224082,subj2,3-2,1
1,i,0.188102364716343,0.221270263223359,207.937536058021,219.356206081992,202.947241667878,427.689850644543,2704.81863487553,3448.43065667122,61.445396467402,63.7547874598548,subj2,3-1,1
3,ə̝,0.0672255873900334,0.452358219876598,212.719100101296,214.789459328619,209.082874483505,428.386228616211,1904.35137235505,2850.54782600582,61.1623520476936,63.9872059348438,subj2,3-1,3
2,ɐ,0.121952119508565,0.259501370592569,224.271018962778,226.135081965437,210.034118627315,780.129785341237,1649.72285554591,2552.56707465265,62.0049356118553,62.1608963885445,subj2,29-2,2
4,o,0.142067933035752,0.453116075791735,182.904174829645,191.972047872139,180.723980733645,327.667407078601,726.32857235498,2613.36081270329,58.7777218410629,60.3211677713333,subj2,29-2,1
2,a,0.165533074112472,0.314153514199583,214.193867935903,225.236131514849,206.38585068026,816.947852529055,1595.44533378897,2607.03341392454,62.5643783512149,63.2157749631267,subj2,29-1,1
4,ə,0.0794070097218498,0.479381176736202,225.589241580173,226.739064256343,219.719639263719,540.630461998178,1647.00217735942,1891.54787916338,60.5970602659055,60.7705039514863,subj2,29-1,3
2,ə,0.0538952190231108,0.295521706499111,212.039929820578,214.21843904208,207.664767340752,513.954931215171,2120.13466390994,3226.6999934831,59.8525564014118,60.1652909748863,subj2,28-2,3
4,ɪ,0.0880541606574768,0.502373075284994,218.640121189312,231.180390533475,205.88915803976,625.602585690637,1567.61743408346,3636.74390148001,60.541116462713,61.0313500897783,subj2,28-2,2
6,a,0.20874908776557,0.728960721459622,186.281912278983,192.289561608702,180.998066585151,861.162879610455,1632.81325520989,2831.07686491399,59.2529847972979,60.0036184576433,subj2,28-2,1
2,ɐ,0.0883659733859256,0.296216937204198,197.428963362345,204.82407182591,187.70941976857,484.328004626353,2208.21928808555,3001.50791781221,59.5930782492143,60.2302906917047,subj2,28-1,2
4,a,0.18050366514808,0.577209956233223,217.409812616211,232.423019583355,205.864950913755,825.749671210962,1592.36522646487,2373.49615817325,57.6306309337919,59.360692951306,subj2,28-1,1
6,ə,0.125005523326431,0.818869340767294,219.312138942445,225.853504700918,201.690148998691,837.163128518745,1640.29010157179,2793.24644489037,57.3106391153342,58.4901750731101,subj2,28-1,3
2,ɐ,0.0951819112099724,0.32476812668538,223.774688430061,225.965351754785,214.154408597034,859.395440075402,1823.66228512618,3967.9552230775,61.6585254830218,61.9997467831724,subj2,27-2,2
4,o,0.197978375316743,0.545590160692516,186.244572028243,197.368944789886,182.357746759106,434.479969709756,947.34783317197,2907.29619052865,59.7780562708474,60.6469643422207,subj2,27-2,1
2,a,0.174248055148048,0.284421842490251,222.228073728998,233.75350724559,204.341263176508,894.9923785855087,1593.7526003269768,3042.5647591187458,60.0137021024656,62.0722761692094,subj2,27-1,1
4,ə,0.126339498965436,0.548018543459299,226.700857887589,230.763596497746,210.957644594062,494.8286037229392,1504.4953209922676,2788.2357723972373,59.5159032143238,61.2131649775801,subj2,27-1,3
2,ɐ,0.101458810770592,0.317664492921637,221.208893339874,221.791327650585,213.61187702731,546.679658613817,1503.57768289703,3054.74522888801,58.8160223866048,59.1452709140168,subj2,26-2,2
4,o,0.153205353402844,0.560817135248757,184.542554136602,192.493261675303,180.301665771655,576.486000317772,2053.61489905043,3665.37178726557,61.2022262266019,61.5814032010182,subj2,26-2,1
2,a,0.160973004534021,0.388544623016718,221.687638385356,239.659906408685,202.737544327519,751.3365408168355,1439.7057153363917,2707.0929720521053,59.6755866877527,60.9620462604602,subj2,26-1,1
4,ə,0.0963086351912946,0.62037326629862,227.9778357086,236.308791901591,225.863723951428,349.2834859635451,1318.3675158954932,2589.4159906485347,59.3067417010445,61.3322725237012,subj2,26-1,3
2,ɨ̞,0.115805924962637,0.448514971690905,228.235440353586,229.643722423206,220.137626672901,439.341229788779,1615.58440430581,2685.64645934147,62.1207374197671,62.5457854292094,subj2,25-2,2
4,a,0.193162451913964,0.734825667596556,178.554178820993,181.111274289835,173.145939483376,833.062922696386,1683.02397839887,2801.09628907444,55.6936778738272,56.7356989159306,subj2,25-2,1
2,ɨ,0.14446327440178,0.45994241058665,224.532138868739,243.897573891256,209.168609667829,422.535677033378,2141.52123367748,3437.60352868836,63.0858971381617,63.8251494702996,subj2,25-1,1
4,ə,0.136635215197742,0.699409858055609,231.774239171323,241.068303627947,220.946224922395,753.656048578852,1607.0957678293,2851.39540615426,59.0850145076866,62.0190615081837,subj2,25-1,3
2,ɐ,0.123231973797916,0.351716785105965,223.442498082313,225.436382758488,212.486749799111,696.9760450054283,1604.5994119815907,2701.604737012002,59.9709731484263,60.4724730552608,subj2,24-2,2
4,o,0.139884943230067,0.552741916108358,190.388271717757,196.79913206379,182.110261255369,399.7444487296882,1152.8601611699205,2667.2410960077405,56.9120947279581,57.4261011325383,subj2,24-2,1
2,o,0.162348842179611,0.34864533129461,223.083678977791,236.131850710658,204.096412370056,465.7541029661246,1004.8133724033733,2703.0994248876605,61.6372922441847,62.4573975503364,subj2,24-1,1
4,ə,0.0866777716721652,0.560524328715458,228.504892720591,233.108978814235,221.715516107601,556.7476213059739,1840.1972719672603,2994.4982775569565,59.2131342846528,60.5224268489904,subj2,24-1,3
2,ɐ,0.134831767652975,0.361529621785993,218.891655511449,221.124533979316,210.031413573824,730.878741488074,1572.86250207159,2600.817222279,60.5844774340891,60.875182783325,subj2,23-2,2
4,o,0.160071211844172,0.597319166203757,186.264661456916,187.557289370259,180.900832518972,410.487442993015,1047.88511129349,2968.23727388094,58.2813269576087,58.6481372621583,subj2,23-2,1
2,o,0.186805475855907,0.409794678536918,229.63097930672,240.115935277109,209.444369372138,486.978945860499,1103.8429168128,2742.55254786029,61.2686505913629,61.9058760321325,subj2,23-1,1
4,ə,0.0822833643651018,0.635517961862805,234.405317811428,235.868055160064,230.66773462781,516.736796593172,1728.73513397189,3000.79739010441,61.0214875922508,61.3232307392107,subj2,23-1,3
2,ɪ,0.116440590720333,0.330212895987364,229.936498054713,231.896605024639,215.200407742641,427.79846408026,2218.67346505314,2854.91191266386,62.9560928478878,63.4206505806113,subj2,22-2,2
4,a,0.173726870646915,0.61166287997448,183.203634843778,184.850166797512,181.655872762147,1545.9353068705,2165.80578998892,3825.28801694596,58.742910114897,59.1073537913681,subj2,22-2,1
2,i,0.132638645444883,0.411312900805551,220.752002963961,232.955646242279,207.383266162626,333.141027524309,2669.89736791928,3602.12081393188,60.1958778493815,62.1086220536317,subj2,22-1,1
4,ə,0.0974359717723075,0.662760569895377,232.088077898399,234.381166830504,222.403301795193,728.474791424698,1866.73140620763,3330.32381081861,59.7475673942839,59.930995690391,subj2,22-1,3
2,ɪ,0.0704525328363358,0.271357347943933,222.77847698393,223.695244461494,215.472205390785,380.011992923416,2540.24033315181,3434.39717635672,59.927680677044,60.9825882647558,subj2,21-2,2
5,i,0.170794018997178,0.676637322189319,186.865252160488,191.787536166494,171.615008465687,333.370246230306,2717.23162600013,3444.08081529605,60.5520911616162,61.7847397183579,subj2,21-2,1
2,e,0.178406366535089,0.357983837579052,219.591240340596,234.626763065414,201.58099051306,426.268930275121,2475.84932046112,3358.18188811991,62.9155483099053,63.6653471664208,subj2,21-1,1
5,ə̝,0.106655979993803,0.737097366466115,218.252589915424,227.126684703576,203.29096224783,419.860665539551,2356.13697225095,3398.77854694823,61.8901863702669,63.1917768873937,subj2,21-1,3
2,ɐ,0.0504788883823945,0.254261983973405,211.787167564951,216.471162048568,208.827840232333,591.467572166012,1729.26531612002,2798.30115433337,57.3175403331699,57.5461940891309,subj2,20-2,2
5,a,0.160071211844172,0.619237630896113,186.801170613301,190.486497870081,185.502835334243,898.381855553411,1743.21475086842,2695.40936348152,58.1671348438829,58.5338330935283,subj2,20-2,1
6,ə̝,0.146787293848805,0.772666883742601,182.696629076206,186.115702863531,179.730380967775,377.396421662098,1845.11486956202,2750.63961915221,57.7831355413394,58.4241215275194,subj2,20-2,3
2,o,0.101409752816668,0.291256742901426,222.593094327925,232.817224102692,207.895436792713,469.142026409885,985.256036950349,2542.66234087369,61.4004064583467,62.610632027597,subj2,20-1,1
5,ə,0.106142207948113,0.6938534615836,224.242016858442,229.359148701287,223.515581336086,599.199153447513,2197.21969574473,2406.27926171249,59.287372071558,59.4378089241942,subj2,20-1,3
6,ə̝,0.144677914018447,0.81926352256688,222.117257341183,226.547981953258,217.225891975494,702.719113032205,1811.46899411335,2820.02283453594,57.140243779435004,59.3906372621495,subj2,20-1,3
2,ɪ,0.0857373368263054,0.243270597780852,217.742892894422,226.099325613577,211.450191482684,427.015037485335,1658.92557425588,2633.62147343615,61.0128951748384,61.791981010947,subj2,2-2,2
5,i,0.155120152755107,0.651142437133738,184.858465871884,195.594294370985,181.489928731061,280.454407770215,2591.53334239193,3284.91321402408,58.7953604703826,59.7125895892041,subj2,2-2,1
2,e,0.14223737811023,0.391197819823144,208.633974311386,221.855317023026,204.413229420758,508.707392311703,1951.71563290709,2624.56988457761,61.5086188643663,63.2601377927111,subj2,2-1,1
5,ə̝,0.144425645465772,0.816815820476062,209.863965870979,223.657342224406,196.617816708811,441.195838284538,2114.91991522967,2816.54545036708,60.917388948851404,64.0312811631877,subj2,2-1,3
2,ə̝,0.0919274788579963,0.268724042903998,217.37003117356,220.065990740485,211.642415756772,429.115502832127,2396.78521522406,3035.4452948516,64.3428783440095,64.8264744611526,subj2,19-2,3
4,ɪ,0.109605840176842,0.404342329021427,230.961108026313,232.237225511099,212.428062838668,424.219983752965,1928.4058830622,2552.99560933172,63.67104885214,64.2079220052109,subj2,19-2,2
6,u,0.179814189414542,0.722300284741804,181.568740791233,184.773487583881,177.814330401225,645.357011650065,1836.53257867925,2994.7071923574,57.200369741369,59.0182407743984,subj2,19-2,1
2,e,0.16725078833051,0.391177529362702,221.199573710608,230.953348991153,207.74422337611,432.597958610678,2470.70219651309,3068.09547780523,64.8443631201974,65.5733520802667,subj2,19-1,1
4,ə̝,0.103032131207825,0.572189458505217,237.572708534533,242.467027863807,213.880212926013,446.763604351948,1884.50110947175,2815.39883832114,63.516258327455,64.1778184787492,subj2,19-1,3
6,əᶷ,0.144668403408247,0.81106874901103,226.089639800283,227.478005777125,218.731468736526,380.104111472104,867.176584765851,2726.74419263543,60.9380059508863,61.2365260732372,subj2,19-1,3
3,ɐ,0.127215438217074,0.356138320514926,228.83171556037,234.1888718686,213.403039072711,557.66069292555,2100.62414306249,2787.20710873725,60.5891257477818,62.1486866424582,subj2,18-2,2
6,i,0.113979149847667,0.703223215534919,186.964259196028,192.689812793831,183.569780957163,332.925451530978,2805.36634635993,3679.7310870448,60.4889697807227,61.4560093556585,subj2,18-2,1
3,o,0.179900129621159,0.461752572830191,219.184890470008,241.773553520653,196.277268594146,446.00962867860306,1051.6841718337776,2497.468362046758,61.2379133751919,64.3743746823269,subj2,18-1,1
6,ə̝,0.0721118663038404,0.806371386534859,229.838498748025,230.68474878043,221.000845796988,402.19402494515026,1890.320553171621,2382.165535074026,60.3697094132426,61.0534869438807,subj2,18-1,3
2,ɪ,0.11156537572253,0.286436549604058,233.91332362281,237.791180543757,218.987938211272,339.373899739191,2449.38449854646,3338.59997540416,62.1462031976762,62.8792734100641,subj2,17-2,2
4,i,0.147238317176129,0.520758812093385,186.596178414435,191.184644202117,181.947130450747,324.951552373102,2693.8025852791,3710.07001958445,60.7597791537359,61.0069208205184,subj2,17-2,1
2,i,0.175383004559585,0.324391997316828,227.911847196743,241.727104987743,208.803446929536,321.152792628239,2696.88631971641,3464.71216325336,63.1153975649176,64.9321482545025,subj2,17-1,1
4,ə̝,0.0889837981028629,0.542605377726754,228.453994764401,231.419950747776,221.863969242836,437.968303358169,2335.69139293129,2884.66796318711,63.6788419218802,64.3168266042902,subj2,17-1,3
1,ɐ,0.10470010233097,0.15248886739533,225.296529837832,231.766242250726,214.718961498424,822.378178174936,1719.86900847862,2633.54521041053,45.7672991945912,51.6193739111238,subj2,16-2,2
4,a,0.152925604010689,0.518621952516357,187.154070782028,191.717652064716,183.128972699939,454.111164385653,1522.08780536438,2929.29033649046,58.5025071160893,58.9340568410088,subj2,16-2,1
1,a,0.103180518167931,0.302482815854496,220.275911837905,226.854571249104,209.636038552051,763.0595665694025,1744.959630516263,3052.8971157779956,60.2486761815647,60.4439586550695,subj2,16-1,1
4,ə,0.066620492045436,0.618117708045373,218.568611527685,222.999124728256,211.463502713721,420.52476917716575,1472.7044874277049,2949.119115218741,56.8901706607308,58.9959232779229,subj2,16-1,3
2,ɪ,0.0791341578195631,0.275990047733317,230.02162475759,231.252675814045,218.932846415187,449.156780599381,1972.8166948403,2674.24733200725,61.179186277307,61.539659605274,subj2,15-2,2
5,e,0.15249811663145,0.650640826160311,181.754774438631,189.082960293586,179.537057131134,171.113003869785,1606.20373946637,2706.75362939635,56.6143147509489,57.6511522034309,subj2,15-2,1
2,e,0.152766190256148,0.358599354306515,214.752039253482,234.097439220378,198.938966262529,444.126472307258,2242.8114887718302,2834.58353504504,60.1506467355723,61.9951610113378,subj2,15-1,1
5,ə̝,0.0900229335438016,0.718009096560935,225.971086866106,235.657510153092,224.823797337524,452.828952880876,1699.6155187261,2578.40903220149,61.196431727943,62.2245015854171,subj2,15-1,3
3,ʊ,0.082264848539447,0.275677357942074,244.29107754743,246.875854122313,233.3024542653,426.84856502146664,1115.7328043003615,2427.54312465645,62.9612704012867,63.4310225497074,subj2,14-2,2
6,i,0.148399334620179,0.679742937532888,182.43024150262,186.009807957076,175.909786421051,227.58762076510027,2651.078911221971,2771.944668947457,58.9632333677665,59.8944913625278,subj2,14-2,1
3,u,0.145158115601081,0.405065351003155,228.776055206565,245.944281556604,198.426761499614,380.478281235671,777.416660878817,2802.72677279504,61.9240639637566,62.6648941876362,subj2,14-1,1
6,ə̝,0.157558557637354,0.789843773011044,217.558003686805,222.648781075305,198.942879300504,384.097487635466,1985.45674915684,2435.72785899684,58.4414346701727,61.6271689019941,subj2,14-1,3
4,ɪ,0.077390178389781,0.351533477851608,222.020283384914,235.632269403238,204.713084017336,416.37514489412155,2445.654836876018,2507.0028994685754,62.9290282271687,65.1333571211558,subj2,13-2,2
7,i,0.150480902424574,0.796527003592849,179.538409675145,187.167589364526,175.257474018423,246.12660773916656,2410.4555927933634,2721.8676230145093,56.052460234895,58.5558143363296,subj2,13-2,1
4,e,0.155190783257412,0.64986075512471,220.144175493768,236.190832375107,203.938437668125,450.039920395794,2072.6999678036,2610.05184191599,61.7764317841245,62.9826987494832,subj2,13-1,1
7,ə̝,0.147558449654589,1.07599938128236,211.495819038285,218.516520422508,194.631217978121,395.11020406825,1969.45633598344,2305.71698463778,56.989696941408,59.9083799365633,subj2,13-1,3
2,ʊ,0.0828459912361338,0.242371018891899,217.891620731753,220.719186035516,213.078524267222,481.655697899736,2127.31256430385,2681.19130212531,59.7263347198854,59.9988922267985,subj2,12-2,2
4,a,0.225190467087309,0.555302922152022,183.473390013121,193.35372620231,177.770624246801,283.609643663663,1570.32998083896,2633.55044272777,58.3260252619468,58.9881186427344,subj2,12-2,1
2,u,0.125775277603949,0.331618745814461,224.977235253428,231.747442729995,204.938289931329,443.73051475873433,2193.2649384716956,3044.6567514475823,62.1742349905932,63.044955245029,subj2,12-1,1
4,ə,0.161173110223024,0.636266049950971,212.151499784376,224.117296613498,198.014688516408,462.8236784544782,1646.80581046709,2115.4123854086947,56.8947577805702,58.9775560178568,subj2,12-1,3
2,ɪ,0.100934804276384,0.299948049118887,218.125573206932,220.778191577548,201.230536902556,472.088564189586,1795.89503421676,2477.13930334015,58.0959725501181,58.6072359096748,subj2,11-2,2
5,o,0.146628262969071,0.633783094343818,187.478266551456,192.499729633049,183.014032136046,401.754462390247,740.56881933743,2658.5987219341,59.5930354121449,60.3170910186716,subj2,11-2,1
2,e,0.170497980196594,0.380423095771679,212.417973792085,236.450955006976,201.106519130178,536.818333720554,2240.89392925204,2844.40765024637,59.8998777492278,62.0045899725344,subj2,11-1,1
5,ə,0.0886589497022288,0.747334749154749,220.761841198763,227.851551744122,213.665725333657,598.226228512177,1210.66727248508,2637.26442897169,59.613896998099,59.8101633482754,subj2,11-1,3
3,ɐ,0.0946775885145132,0.313542691047877,233.650195207377,237.328679274146,221.78834685033,555.266716111789,1970.56840172766,2878.27102108128,60.7435890907504,60.9622714582457,subj2,10-2,2
5,u,0.161257312050526,0.636973549876488,184.817983524443,194.080896961607,176.254089676966,312.610051448485,2348.8728169397,3166.24641124436,59.2193994809989,60.599608663191,subj2,10-2,1
3,a,0.13926767858909,0.34377843705735,220.21853110299801,227.481141231675,201.438026417757,674.654122347772,1810.18040837428,2868.14138288047,60.1866587589928,61.0851195902826,subj2,10-1,1
5,ə̝ᶷ,0.116056398824242,0.658352360186217,215.58727984251,222.130318002439,206.446445932991,417.957919862805,980.850908547923,2250.79471237858,58.6876148618455,60.0876810840114,subj2,10-1,3
1,ɐ,0.0573760870412539,0.0828600462149069,211.284976791146,219.359499270216,201.98014697267,645.691241482749,1601.40394077665,3000.38185603749,58.3513321917708,58.8789069970847,subj2,1-2,2
4,ɐ,0.0581411015351373,0.324987133528998,231.132260869807,236.091751877099,223.856367463331,647.378583066838,2128.38607024859,3079.29774800025,60.0737255397189,61.5311597458017,subj2,1-2,2
6,i,0.0680862899556213,0.561759119385906,178.679367136866,181.629127034376,173.138069402717,295.591634775756,2450.93791191307,3074.7100397195,55.2737724179761,56.0669422786507,subj2,1-2,1
8,ə,0.0994518842048401,0.846727018357467,185.630152029102,197.428079254276,180.394877353335,273.45739563027,1548.46884225429,2145.06049154873,57.6694404112211,58.1201008949195,subj2,1-2,3
1,ɐ,0.0552294652474567,0.14795135532796,207.087409415894,215.338396372846,191.604737843355,579.4320702702864,1741.182325146683,3169.96039067548,56.874702760539066,57.8816983911761,subj2,1-1,2
4,o,0.0669804153001071,0.461701721733725,261.950550885446,267.762634915376,239.440366377002,481.9119631484512,1901.4046736457035,2923.368620401994,61.0866760379374,63.1639626851933,subj2,1-1,1
6,ə̝,0.044066062697439,0.634814163504421,244.161845514001,258.188156977878,238.804157920256,390.1944476502347,1829.12466838183,2777.7466450058464,58.86975201324031,59.7921488245202,subj2,1-1,3
8,ə,0.109283835489648,0.898438401532529,234.401891016969,250.681427758547,231.166171384169,586.378500507163,1672.4531264652303,2850.0107343624836,59.13304913653566,61.2620389751798,subj2,1-1,3
2,ɐ,0.0410146138715011,0.261391654682709,112.769601393107,126.325498768184,111.173538574018,526.90171775998,994.651448480801,2503.99569182347,76.0871613594053,77.3902097537168,subj1,9-2,2
5,o,0.12246421708623,0.555442012555227,110.894164398031,124.820172422542,106.078828919962,479.663635382194,937.698634043566,2511.86549951351,78.4363019502649,80.2595588992127,subj1,9-2,1
6,ə̝,0.0591719300589895,0.646260086127837,103.821564459446,106.014483779334,101.691667249521,435.833303200523,1653.59631256044,2262.22918242084,72.1307020762619,74.0571222303735,subj1,9-2,3
2,a,0.0837248630928375,0.381454717691962,120.670339259868,121.267212728565,118.00747072152,631.611318725364,1379.8574071122,2230.16739499836,80.9686433651368,81.247625904117,subj1,9-1,1
5,ə,0.046269003288147,0.66200645191533,102.085912495425,102.656276745432,99.9804661725985,516.658401765118,1703.86912573955,2128.83473590379,71.5569690496579,71.7998810310587,subj1,9-1,3
6,ə̝,0.0690362906204097,0.719659098869608,100.79157866128,101.264307710152,99.1382086556234,575.291611858616,925.625520288099,1981.04330126654,70.4951919309966,70.9004445316423,subj1,9-1,3
1,ɐ,0.046070186928215,0.27648878152289,116.001989955928,117.122746404049,111.032939541541,554.337884924161,1245.6788056922,2420.88231170384,76.317039713808,78.103844807257,subj1,8-2,2
4,a,0.0685695805443199,0.477644074447829,107.693491314194,122.845267346626,104.296018583087,693.72770484653,1418.93489854174,2851.1057215672,76.7623321151991,77.9961047815115,subj1,8-2,1
1,o,0.0978142955833203,0.285980802108413,118.603845332267,119.32005999741,116.627049856637,463.728139236335,816.5855875244,2610.21867084242,80.1763649311911,80.5707774274678,subj1,8-1,1
4,ə,0.027235717033679,0.513091539308607,112.848434036864,118.353343504244,106.643593936402,452.845061602609,1037.02375964318,2400.28889390548,74.4749815390648,74.7864920489514,subj1,8-1,3
2,ɪ,0.0548800531234132,0.272232148525938,118.811455044768,119.540615502958,116.694618267297,327.570937464012,2246.22681737043,2745.63124434159,77.386373642806,77.8220665789752,subj1,7-2,2
5,i,0.131243080071602,0.567201474109664,104.737542529156,113.766989020427,101.385158931732,274.915063401618,2344.07405885767,2658.77929705518,72.0810192672341,74.205478542667,subj1,7-2,1
2,i,0.0934932263220372,0.463804806252239,119.785235238408,121.490811054275,109.651233859757,277.082576722808,2515.68374956944,3233.72416269091,79.3066880996436,79.8132758692293,subj1,7-1,1
5,ə̝,0.0691439567266888,0.754738761326985,118.49605210254,131.595517207502,95.6274622498589,260.42692244057,2226.59676430136,2914.64811000402,64.1261311315923,65.8633158102459,subj1,7-1,3
2,ɐ,0.0959991389724671,0.29603977407039,118.063285788723,119.090462138685,115.566245717852,632.437837314373,1132.25044492999,2572.20599963274,78.9726792711215,79.3071921882456,subj1,6-2,2
4,a,0.0715640485495598,0.440256135368986,105.668913146102,111.550864696743,102.43907118333,667.648171428608,1174.80901857393,2386.63838397372,75.9511183456364,77.7525435692464,subj1,6-2,1
2,o,0.122875257467418,0.292847808748128,119.516856687506,123.539063662335,110.524281887574,565.531697703377,2371.04115991837,3463.79339189715,84.8499999761249,85.6202983742573,subj1,6-1,1
4,ə,0.0622258589786042,0.466266523191911,102.183231435171,105.473403377904,101.016842626804,654.605416750205,1292.65448297367,2256.95936252068,73.6916220772661,76.2582350988694,subj1,6-1,3
2,ʊ,0.0761449989616719,0.351136009550224,123.55314465929,129.155352833702,122.057163256722,345.91990189734,615.008663694697,2253.77327540606,77.9242667730473,79.0395500123024,subj1,5-2,2
4,i,0.106070981086346,0.57125823362283,110.379205970866,117.991828384666,103.673382872552,320.486924613094,2242.70577414119,2511.00042730993,77.183489138844,78.8886164195146,subj1,5-2,1
2,u,0.118484218733919,0.389030201096548,123.224250639236,128.845002772629,109.072413415167,315.003153938089,1022.8379931423,2359.70223307804,77.9612302436472,79.4641692704245,subj1,5-1,1
4,ə̝,0.088174302313614,0.597410876486144,105.076182526474,118.374217443924,102.949636991635,302.031344019137,2360.54068329514,2532.8790083958,73.4721007000816,76.379892251592,subj1,5-1,3
3,ɐ,0.0624251486261685,0.391199524193403,123.836534196629,131.696909272237,116.066538139254,580.376547841646,917.955200177512,2679.22483613776,79.0273967905757,81.1412069161951,subj1,4-2,2
5,o,0.0980340150178297,0.569822219989341,107.936869304264,110.270161722175,103.365604659357,448.904367591195,672.266715839361,2736.07199472851,77.4132025203574,79.0292073959652,subj1,4-2,1
3,o,0.100413629995523,0.407735050627325,115.077546613083,119.371622237337,111.200713129235,519.96360721851,811.88853194402,2878.37441832885,81.999803712452,82.4205573645576,subj1,4-1,1
5,ə,0.0434061192434194,0.596195972080302,-1,-1,-1,479.722351390903,969.241369724185,3024.8441993088,70.3542573212194,71.6681907094212,subj1,4-1,3
2,ɪ,0.0532202717953884,0.263960938480043,114.258374657537,115.599844970444,113.884106191802,338.712148590453,1948.60452696052,2511.93044135584,79.3883200482127,80.0693566769577,subj1,35-2,2
4,a,0.124618661117597,0.430630184719922,104.292859106838,110.008593989674,96.3996321080268,699.487611584291,1177.22360860481,2633.86187754799,76.7622457292653,79.2027587386437,subj1,35-2,1
2,e,0.113671300992001,0.362068885346236,113.461978975529,118.856673530241,108.484795296745,551.052167659184,2128.25393704572,3050.86830015812,79.5646930961225,79.8319721142841,subj1,35-1,1
4,ə,0.0641157225820049,0.51865429547679,101.189527683272,102.981335277328,98.6420020227974,637.84835962534,1040.9444177507,2718.68425419616,71.9935187890605,73.3713313901274,subj1,35-1,3
2,ə,0.02046991796012,0.375964928050608,-1,-1,-1,336.051259408004,2183.31053909435,2883.0156743983,73.2793351972499,73.5027054576897,subj1,34-2,3
5,ɪ,0.0529068648815409,0.605385470111337,118.258017384317,119.401551358853,116.119471603178,321.720771795203,2024.59618017868,3060.51324190815,80.2831193353597,80.5476191391808,subj1,34-2,2
7,i,0.112112166058503,0.751509192165117,105.219244557642,110.220192055786,100.473882392782,305.765171255715,2331.29384670577,3336.67713913746,74.7755503797624,76.8347077989419,subj1,34-2,1
2,ɐ,0.0654220326748491,0.370004325425022,113.449155120384,120.30380302717,111.010577880108,478.405084219127,2206.01021161404,3021.05939528985,79.3425960479931,79.9173502265798,subj1,34-1,2
5,e,0.10241645189632,0.653066668620117,116.487725588043,126.538971627121,111.334800633127,407.929039271916,2242.82804656571,3249.47214580644,82.2743857017872,83.1100211108883,subj1,34-1,1
7,ə̝,0.0893299052651236,0.822338304393202,102.384386136608,107.345253997717,99.9851814212284,406.361190851512,2233.89661082525,3137.51717597635,71.4878979311264,72.2844253312245,subj1,34-1,3
2,ɪ,0.041976437137822,0.420168801354981,114.41998949637,114.65987215672,112.629689439205,445.365367021111,1786.01081423557,2601.82818070487,80.9171281071164,81.6083232593297,subj1,33-2,2
4,a,0.125929311413466,0.639214857123474,103.462525903841,111.86422887985,98.7983462852656,728.064826301032,879.944536494477,1772.24784922194,74.7730527840911,77.6500851550868,subj1,33-2,1
2,e,0.115493718504722,0.432503091354718,112.064524471043,115.896244491763,108.189178384224,456.27719500441,2026.03881417961,2826.84402650955,81.4863591420889,82.5381571510486,subj1,33-1,1
4,ə,0.0609911251315796,0.666494519533404,102.317999658614,107.673256147105,96.1332928972104,686.790150103445,1627.00568643546,3644.18961826436,70.8965531650286,71.7907104753703,subj1,33-1,3
1,ʊ,0.0958010371202018,0.289655816535319,116.021967995597,120.891074295639,112.962591242861,454.820662306771,781.732238485561,2379.79919388015,78.9107750257638,79.5765036352387,subj1,32-2,2
3,e,0.123435951674106,0.478264108365717,107.301397165951,114.942004648963,101.099195444141,493.383050785663,1651.34364484617,2302.88582063351,77.4571016176702,79.9654289942874,subj1,32-2,1
1,u,0.141506902334426,0.39772998485939,118.506310092187,123.673770702218,114.238077438381,334.030683388925,709.089430430692,2800.65361782375,80.5344477046547,80.8436687172855,subj1,32-1,1
3,ə,0.105421353469545,0.605479644752918,104.083001401174,110.491823224063,101.186557393568,622.034198341203,1609.96924399328,3229.32379784747,74.1238768125466,76.8544278429483,subj1,32-1,3
2,ɐ,0.0539867086237637,0.32451169751741,115.763754351301,116.669903815253,112.650718475383,617.90818869462,1238.62659859996,2167.50319721105,77.6029662882587,78.4591857251603,subj1,31-2,2
5,o,0.12605268711223,0.568456290205719,110.11264242001,116.907745538202,102.513971783606,585.831819620706,820.995062630973,2587.4520587264,79.1488109878379,80.8766729298744,subj1,31-2,1
2,o,0.121839509071069,0.353527617081012,117.184703268013,120.732179826915,108.731957557742,511.187968139722,884.292561468107,2325.3567732635,82.7821709093752,83.7667792679783,subj1,31-1,1
5,ə,0.0975301839439087,0.653879579947313,101.358389767964,104.332947609303,99.80531170897,715.215937476113,1315.66039086459,2839.8051391491,68.6580788725433,72.971259109117,subj1,31-1,3
2,ɪ,0.0438238411217604,0.253679039076705,118.505559023538,121.624941697066,110.821045601132,348.715309892235,1811.88683204459,2554.66642137813,79.8911332417625,80.6516061050158,subj1,30-2,2
5,o,0.128732533295171,0.482658608937903,109.189498484139,116.712446530664,100.111817519678,560.391718265532,889.014145378013,2727.34255763375,79.2968470928893,80.7876105684675,subj1,30-2,1
2,e,0.103149209871464,0.351252667065662,117.968430123221,122.443490572381,111.462727834117,483.04062970764,1812.68575653528,2427.89951210681,81.0621605288438,81.6990111662553,subj1,30-1,1
5,ə,0.0771609673843682,0.612876572103286,101.130141911827,103.631485200799,99.7791040439803,474.207685128826,1115.56758883872,2602.76980555676,69.8228672046203,72.5236607817996,subj1,30-1,3
1,ɪ,0.0906903865525351,0.420530354331321,124.468079194574,128.338183568831,121.517752143564,302.283120742725,2483.71212772101,3248.68522427017,80.9702321303023,81.3559422415094,subj1,3-2,2
3,i,0.128561097420627,0.566033611877146,110.779599910911,120.293165476688,104.805394706845,291.369208552241,2545.97993406648,3473.92320970147,77.2741948393111,79.9752062837319,subj1,3-2,1
1,i,0.141344797866356,0.342223704561897,123.189876017591,147.308232387552,114.175779076365,297.810170575364,2540.57253590968,3694.51852704106,80.5510773650865,82.1458508505355,subj1,3-1,1
3,ə̝,0.0786354861369163,0.501983141586898,108.669191074935,110.15525715587,102.452062162648,293.225184536147,2064.9717718343,2653.37673047122,76.6630423844479,77.6628195934032,subj1,3-1,3
2,ɐ,0.0891442919386173,0.352182170090011,116.544094300974,118.248400304515,115.398753522538,660.530639908127,1098.47805122628,2239.50508127701,80.8789078145048,81.4863136157422,subj1,29-2,2
4,o,0.0759019826076082,0.500028672805747,112.165113311514,114.098777468208,108.844951490222,337.275953969263,747.605752771429,2151.86243971283,78.8778981673273,80.2928249952705,subj1,29-2,1
2,a,0.104053238011744,0.359236767178587,116.149228363568,121.303742418926,112.157785299854,692.763801463159,1174.25115116002,2516.35665425026,81.4524293200459,81.488450075875,subj1,29-1,1
4,ə,0.0553583729323565,0.493788368055842,108.258495574396,115.794402102956,104.501198616681,683.278371917346,1528.72363953747,2457.3403910735,75.4866854949808,75.8002223998469,subj1,29-1,3
2,ə,0.0537016751812117,0.334178929641632,110.743276833837,111.56469851225,104.64888687969,450.716722680045,1611.2879517073,2401.93734133315,76.1984439907609,76.4579766038342,subj1,28-2,3
4,ɪ,0.0396369507289895,0.510627290951328,119.132276083551,124.813198601089,115.939373782689,542.967302613635,1363.98610388949,2476.42352147094,78.5436131316522,79.0473848969501,subj1,28-2,2
6,a,0.0987727239940143,0.653032626030076,106.103169049156,111.883086374125,102.42272470274,668.65932161199,1162.18875623864,2491.43720589053,76.1725997360514,78.379378501542,subj1,28-2,1
2,ɐ,0.0498910230662009,0.374378920409668,110.844703044417,113.860919655055,106.845092114087,451.948466482673,1716.3620794644,2676.19513325131,76.4823803894607,76.6853643104414,subj1,28-1,2
4,a,0.108755251719848,0.608759050353763,112.257457069142,126.174625547604,106.108744248039,670.169256076569,1331.04773138037,2440.04674649366,79.1103397371,79.4767233006714,subj1,28-1,1
6,ə,0.0394821045847634,0.751433019194158,100.832729732889,103.388988218321,99.7121548423303,588.322409384863,1114.53698906519,2527.77926114136,71.3427494973184,73.2529764409681,subj1,28-1,3
2,ɐ,0.0749316248695177,0.447364554783512,113.31469700947,115.286181317021,112.331669113635,676.926007952635,932.126219901969,2465.40525808295,80.5730356733327,80.7157530332371,subj1,27-2,2
4,o,0.12104339401999,0.615720545275601,108.602239603148,113.752896619747,103.654490242546,515.584273610896,892.149589093874,2722.49101932131,78.1766448294846,80.7150715326664,subj1,27-2,1
2,a,0.116265339660876,0.587759164495095,113.713449956271,117.328389493301,109.386436800103,661.908949579378,1001.96283783559,2354.3579986416,81.0181560755594,81.3850633314046,subj1,27-1,1
4,ə,0.098554157697794,0.784296151440261,100.684964751034,103.892365260708,98.4320679141348,558.85377238844,1007.60120332682,2568.99994732926,70.3524031664186,72.515846813511,subj1,27-1,3
2,ɐ,0.0689093850220728,0.43813003021473,117.321748010634,123.628497200339,113.189815714018,639.281426900965,1355.64847816041,2329.14786385083,79.4565357511543,79.8546767055783,subj1,26-2,2
4,o,0.112331737227762,0.621573735547462,108.99098677086,115.694084722526,105.209711148274,746.00692936383,2482.82135262271,3899.43933221343,75.22868311046,78.4953319443952,subj1,26-2,1
2,a,0.11737349701371699,0.469477522068531,115.457565336641,120.562195387748,107.396591164326,682.473832531623,1268.93967951031,2300.79818680883,80.735323802235,81.2882395946042,subj1,26-1,1
4,ə,0.0479869545801936,0.63775609927880506,100.921897844899,104.0981410045,95.0069105531136,486.050739267762,976.692223382764,2446.89606689113,70.6635711112233,71.5311931118029,subj1,26-1,3
2,ɨ̞,0.0678952869589488,0.447888710715059,116.038116580814,116.516230446356,114.316542144988,464.968376087558,1453.10939484666,2717.60347653692,80.5347489132727,80.8883301296244,subj1,25-2,2
4,a,0.117223291361777,0.62635632215001,108.930906262777,115.313146682917,100.873296628216,499.44125294606,1192.15097410895,1947.93640749909,77.3505665701957,79.6553412311154,subj1,25-2,1
2,ɨ,0.113783402190447,0.472014416862841,119.530638037239,121.298596253114,116.128321740415,362.94592284284,1745.34574828835,2349.88401002511,80.504870891374,81.1578248799534,subj1,25-1,1
4,ə,0.107582671825845,0.667957496384265,107.301770975593,111.425321446042,101.979311922148,596.639806568241,1005.22996159598,2494.95421156846,76.0894095886902,78.1448937241146,subj1,25-1,3
2,ɐ,0.0468523960270507,0.478722272049108,114.081624932178,115.100132743237,112.567266553226,550.407006156288,1096.21904011593,2288.02885482873,79.5592142183586,80.5174119867759,subj1,24-2,2
4,o,0.0702785940405761,0.641032358285676,111.264030256675,113.424166336538,108.614663748526,497.122461995544,918.739925171758,2501.52041585629,78.8274557354641,80.6820343572795,subj1,24-2,1
2,o,0.0877824956672594,0.503834963775457,115.851718487448,116.336709534983,112.764063966723,488.356456697961,786.477647167898,2448.62813454741,80.8113465844668,81.2009761241224,subj1,24-1,1
4,ə,0.0677273187545148,0.653591243837018,105.167465145491,119.47844283067,100.696458487502,582.97417255066,1348.44821292436,2453.15334568295,74.7039506175703,76.4581284091461,subj1,24-1,3
2,ɐ,0.0485494531145809,0.361358057387293,111.361793500424,113.942392815704,110.857217029205,607.283111702549,1266.88582455892,2160.89828187008,80.7331727493767,80.840943434815,subj1,23-2,2
4,o,0.0647326041527745,0.514818972404646,112.794851355433,113.525618159022,109.468169312237,401.868182077032,875.03752576676,2610.42963562349,78.8279845762667,79.6583840726796,subj1,23-2,1
2,o,0.107879483017207,0.503651395126461,119.425660014525,119.869858382933,115.136773622486,526.195494841094,727.244772363213,2506.5693697513598,81.8230099302596,82.099024567548,subj1,23-1,1
4,ə,0.0483804923837613,0.662916370054371,109.164196780181,110.546088701124,107.050791394807,597.792384749843,1232.04317562581,2190.79423229767,75.7233512422563,76.4586066709354,subj1,23-1,3
2,ɪ,0.0668803246611883,0.34962122005344,118.043400502326,118.494382853246,115.081948751705,335.963723365861,1981.26471197616,2588.78630277546,78.6907936707841,79.1933189435883,subj1,22-2,2
4,a,0.134009275064612,0.543549298996663,108.537353697443,114.084889200397,105.141603540562,779.820508510399,1493.92784417987,3511.45166359496,77.4755387509905,78.8170691656301,subj1,22-2,1
2,i,0.13901642661472,0.393563129504948,117.705168544596,119.915161071704,110.668526824233,295.235391499835,2396.58586559831,2918.7056230503,79.6380720340084,80.0875834657239,subj1,22-1,1
4,ə,0.0642032811762698,0.591477905164848,108.921923036047,111.428066687756,105.998162973195,482.890676532747,1514.3641849727,2910.87493516397,74.4829486270566,75.0236303298311,subj1,22-1,3
2,ɪ,0.0500273914067622,0.313535895170791,122.36018448763,125.416293748992,118.922673154733,300.900684060059,2430.42041010003,3369.38868964779,76.4385816528034,76.8740126492537,subj1,21-2,2
5,i,0.118502383394768,0.627926783042662,111.468899263542,118.374424490284,105.427592739311,298.790948362298,2643.06035218131,3537.2249017078,77.7731390084714,78.9073563445272,subj1,21-2,1
2,e,0.123525379346637,0.386543338142164,116.227393638459,119.851549904454,109.494924623711,348.547555603524,2191.32359178133,2785.53321519152,80.1219620141115,81.2784648974508,subj1,21-1,1
5,ə̝,0.0798103159044662,0.684411545699529,104.316536991681,106.428231693557,100.240309080235,315.679217098742,2291.06370362571,3213.34117533597,70.0123375564648,71.5192902021831,subj1,21-1,3
2,ɐ,0.0407611600362298,0.254178073036194,118.264678874496,122.775857869174,117.664808431792,561.350457816383,1409.06587527261,2405.91583623743,80.6517326911707,80.9810224628834,subj1,20-2,2
5,a,0.100204518422398,0.540015707790255,110.455558193263,119.413407231797,107.675508952907,667.352186276185,1180.87922182734,2406.16804089507,76.7640395860293,77.0099879310986,subj1,20-2,1
6,ə̝,0.124661214444136,0.652448574223523,106.200074568217,111.047053884125,104.204421655515,520.710770139027,1645.23719794069,2410.44964550109,72.993465351454,75.2691372396174,subj1,20-2,3
2,o,0.0648970641206111,0.346395726030147,121.68748743913,122.361278276825,119.65031637474,470.335034591143,858.603846751544,2356.98362605028,83.1849155954586,83.8832043542077,subj1,20-1,1
5,ə,0.0391557705308715,0.64169549545047,110.906377349269,113.00538147136,109.307889177912,651.19722247972,2139.06673900675,3519.12375861744,73.7695119886057,73.9632671138947,subj1,20-1,3
6,ə̝,0.104777941513165,0.713662351472488,106.984845961977,111.915865500847,105.65903782664,484.919194625455,1784.41528539103,3450.39320655093,73.5264868310719,74.0640927282085,subj1,20-1,3
2,ɪ,0.0389168350323155,0.330380054868626,119.4418932155,121.890606559878,118.460483172318,349.25386058443,2017.62811120126,2541.84651565395,80.3863109800125,80.9468682109621,subj1,2-2,2
5,i,0.088135185220244,0.65716700786057,110.287047014735,111.846728812972,106.22918741883,285.710918155113,2494.81108216376,2526.38306842693,75.4295964673569,75.6289440148668,subj1,2-2,1
2,e,0.101893821952556,0.411608369133739,115.898155586753,123.977156727011,113.717782101677,404.606749853996,2167.38246686584,2625.75023186551,81.1850695383427,82.9945054745783,subj1,2-1,1
5,ə̝,0.089818447774736,0.745815140988109,105.784790382433,111.327415647942,102.772193786665,302.781215045413,2096.97180478068,2499.63546930512,71.1705051073542,73.1499496452718,subj1,2-1,3
2,ə̝,0.0517008806371992,0.314798508857882,114.474883937356,118.083192007765,111.249242191959,344.304051945481,2187.34394563364,2652.63954823652,80.0118998789041,80.1881149469354,subj1,19-2,3
4,ɪ,0.0525974277002721,0.41117731813821,129.448304599842,130.080550495345,126.286026109833,357.99090568656,1988.50606981147,2367.99331478336,85.356748832883,85.5682284422824,subj1,19-2,2
6,u,0.107585647568738,0.584509750332289,114.49806909065,120.848500875362,109.385151811209,345.911853115075,753.403582456996,2508.25579857772,78.2307251907554,78.9263191478236,subj1,19-2,1
2,e,0.121958995519717,0.40120519594876,121.203560882581,127.672790930117,117.63074410771,347.516076987969,2040.72780942363,2379.05454890935,82.7210950437714,82.905353430581,subj1,19-1,1
4,ə̝,0.0646529614803318,0.545204973791317,111.388629111487,113.640537483387,108.307033351837,425.01367334157,1596.96623204583,2376.1947181158,78.4080124539752,78.8818925444942,subj1,19-1,3
6,əᶷ,0.0925712857559297,0.705735338376005,109.856376627602,115.90835026724,104.166361380346,314.741375003552,733.163408456442,2520.7876142389,73.1187790848575,73.7938880803715,subj1,19-1,3
3,ɐ,0.073101348032218,0.398635180094604,127.164747669093,128.773989183059,121.695831874912,379.310158587923,1437.74835673794,2581.42872551106,81.3269233521446,82.0679384457429,subj1,18-2,2
6,i,0.0546450670933906,0.626081701076034,111.645875325346,116.809372490242,106.450436516416,326.418170805828,2503.56572447376,3067.74671166917,78.1094194122255,78.5395084661306,subj1,18-2,1
3,o,0.112022576878814,0.449139753798801,118.848474760551,123.547318950392,111.518196976852,443.705026980075,894.693555872336,2319.97396617556,83.0240314464704,83.9884507653682,subj1,18-1,1
6,ə̝,0.0501767792269686,0.696717428046596,114.7228236296,121.743203599134,105.032798282848,342.783895220882,2035.44333335063,2620.42996016334,74.3589754763981,74.8712700877194,subj1,18-1,3
2,ɪ,0.0741346040138877,0.307146135947433,128.785790527761,144.101360974135,127.91656578002,285.42714648371,2390.08287896362,3890.2569047049,83.6593753976692,84.4467019237062,subj1,17-2,2
4,i,0.10929122035037,0.483693491898032,111.973700892662,120.197580875731,106.774782305534,299.558999888588,2311.57611772992,2597.34653463451,78.1845407429789,79.0193367248743,subj1,17-2,1
2,i,0.118080011913757,0.351807179516414,127.320533362697,135.525223652457,120.15944888403,272.951742675679,2401.05788018499,3273.1309830667,85.564343607219,85.9239125056587,subj1,17-1,1
1,ɐ,0.057905565981957,0.241603263067563,129.381700550317,131.531523374853,124.987070556037,680.461648880931,1157.36422913958,2495.37310975727,80.7215528443901,81.3715682446899,subj1,16-2,2
4,a,0.114360290971826,0.486433087631511,107.222687597278,111.039733388545,103.393228150631,530.545375352646,1260.57706085374,2585.45431521106,76.1438335097243,81.0597568859366,subj1,16-2,1
1,a,0.136481833343099,0.471871577511476,118.598301441335,128.852036001219,110.159745944025,674.407227701734,1149.10277049459,2655.9557022467,80.1492030237073,80.6375953374068,subj1,16-1,1
4,ə,0.0804892863305456,0.700741113425289,105.465177229627,106.718042771195,103.289044106357,581.392884479972,1147.63016703322,2671.41764216635,72.6858851598945,74.4016597190767,subj1,16-1,3
2,ɪ,0.0617250135380994,0.430123770965,120.969467624358,124.454213556223,118.512746220352,473.106959129822,1846.65568135508,2321.70244743389,79.8219853762396,80.8201454265105,subj1,15-2,2
5,e,0.0405536320830026,0.643477622107561,111.636529742568,117.002591039218,106.879378640055,456.956988946763,2113.76405452564,2502.04412766009,78.4075971653263,78.7322464883665,subj1,15-2,1
2,e,0.144817788755388,0.387259111264898,119.301161424349,121.508606133872,96.6061921790181,469.003612054184,1849.60947135767,2565.60008372256,82.1635257527664,82.9834791546308,subj1,15-1,1
5,ə̝,0.0567449294714991,0.658275258792839,114.80586368271,115.314550766765,114.413445961855,490.651311306497,1576.18920989136,2414.59691211997,72.39589885935,72.6851140627629,subj1,15-1,3
3,ʊ,0.0671133494243204,0.39875887064255,129.989086513985,130.831281079471,125.512635740068,489.375135494744,1467.7022271469,2593.40218794342,80.7102496535525,81.1082004921276,subj1,14-2,2
6,i,0.132033452135428,0.691337982185176,106.222715158435,113.517822864793,100.088628523922,275.997143100955,2074.58616019359,2580.40308608809,75.7263423439819,77.9432473838215,subj1,14-2,1
3,u,0.117907812886601,0.439006187348484,118.907065650184,123.609745607552,111.380668523051,311.692490636015,890.675309894574,2177.95340737456,77.5528976383257,79.270240359748,subj1,14-1,1
6,ə̝,0.0817494169347102,0.748317683154335,100.891821926584,139.270234554881,96.9608628490668,284.646175383981,2127.7757645748,2296.73018883689,67.6861036292478,69.3869246836151,subj1,14-1,3
4,ɪ,0.0327748611688478,0.490255257729834,118.719772471895,119.735452621578,116.362608489835,364.95899194224,1581.36407309014,2518.55064905799,78.0567675568703,78.1558579239861,subj1,13-2,2
7,i,0.116602871466093,0.784913865353609,104.754276883028,116.165223381737,98.3329519200436,284.783645675532,1966.51186839172,2528.9099788247,72.9887556949171,74.2747996784642,subj1,13-2,1
4,e,0.103204929886315,0.536556408842955,122.495928599271,125.678797993703,116.319635970381,360.903257859794,2029.69504475074,2231.95075961207,82.3759312492033,83.0067764584739,subj1,13-1,1
7,ə̝,0.088048961161751,0.873235428367191,100.449553066801,102.481664534305,91.192616261542,334.83611381494,1530.87219636898,2472.15156339159,67.6652505349221,70.0606637364201,subj1,13-1,3
2,ʊ,0.0544183334210028,0.348582948013592,120.279856881467,120.858527330807,114.875204589044,593.578525083642,2051.44002032704,2696.93778254262,77.2541405367252,78.3414257779122,subj1,12-2,2
4,a,0.163198650049933,0.570340851831768,103.142993927053,118.834710281446,95.2833949797749,345.782383610611,1168.61457738185,2262.97379150522,73.0777770062021,77.5322808356054,subj1,12-2,1
2,u,0.110531732076948,0.481798536869293,115.560671484391,121.466720728337,107.791028708906,508.465787242475,2578.72945381776,3756.39903611932,79.7343746510365,82.4350614202166,subj1,12-1,1
4,ə,0.0989476204182284,0.701413987065848,101.519415670304,125.415068216158,97.2930172191515,490.219367317098,1029.07905965153,2404.97582200269,71.021316486129,73.8368126687848,subj1,12-1,3
2,ɪ,0.0487873140827103,0.268346740795545,116.267242202106,117.013972146547,110.744846794547,433.966814057526,1475.74352940909,2214.13453530564,76.6328056310418,77.2990503230968,subj1,11-2,2
5,o,0.0709042298002056,0.514885301293507,109.314752581643,110.862873070346,106.737014989487,476.477455845858,770.757496202336,2339.08642407849,76.6959396697613,77.45715751929,subj1,11-2,1
2,ɪ,0.0487873140827103,0.268346740795545,116.267242202454,117.013972146978,110.74484679497,433.966814057526,1475.74352940909,2214.13453530564,76.6328056310418,77.2990503230968,subj1,11-1,2
5,o,0.0709042298002056,0.514885301293507,109.314752581404,110.862873070701,106.737014989403,476.477455845858,770.757496202336,2339.08642407849,76.6959396697613,77.45715751929,subj1,11-1,1
3,ɐ,0.0496853966613538,0.28945171937606,116.8260508552,117.396158301142,115.898229261543,505.312638101694,1448.20896503104,2550.86112636055,77.54208655555,77.6942440065425,subj1,10-2,2
5,u,0.155330262367103,0.546481132507099,104.815664011962,126.135988437015,95.5511600989768,361.378673431859,772.159138529368,2442.5238469371,75.5510542932372,79.0670898724522,subj1,10-2,1
3,a,0.139667472605374,0.373395764370304,112.179596785255,119.137607244951,102.427913869419,568.777556168542,1545.37343326782,2467.68342838908,80.0187843191075,81.8012809149226,subj1,10-1,1
5,ə̝ᶷ,0.0720216019577131,0.619231913505169,102.35761420705,104.506654655755,94.5703654472163,297.437826448825,1330.02597149209,2583.14472669009,68.7036683500561,70.5511823616514,subj1,10-1,3
1,ɐ,0.0381158563226594,0.216675929641701,-1,-1,-1,651.224313031779,1793.45535113833,2609.07507119192,64.8749192257293,65.3851896266559,subj1,1-2,2
4,ɐ,0.0325562577754996,0.423544427959394,115.542260597128,116.753292444522,114.20825782438,293.214407157335,1985.27820371199,2625.40031239867,76.58539180357,77.9353669291427,subj1,1-2,2
6,i,0.106145422670697,0.607725316344428,109.159275719888,136.041523433937,104.403243939335,278.345311069974,2188.13999894716,2912.49050141374,73.3253630405774,76.2662223822206,subj1,1-2,1
8,ə,0.0716750246700213,0.849098965305425,102.730593873614,106.296207663788,97.1166321561737,556.792692668178,1659.75826814038,3607.76598426973,72.2746332484532,73.7255255827912,subj1,1-2,3
1,ɐ,0.104646653732421,0.524113764893704,129.681619450134,135.723977972046,124.424097944764,638.887302207363,1471.03399288252,2613.92290135424,80.0422822045679,81.4082392524159,subj1,1-1,2
4,o,0.0632873805230723,0.805887759468812,108.192329368945,110.851937662066,104.476800350787,309.110408948865,1333.34474667173,2475.64335120527,78.6241834476192,79.6814010784829,subj1,1-1,1
6,ə̝,0.0503536239896117,0.964989060454053,101.224645196378,106.226154229628,90.2541696545544,332.944563938816,1808.38897321376,2862.14947434912,71.9322300637339,73.1766197088978,subj1,1-1,3
8,ə,0.0438374121521776,1.1363950877493,-1,-1,-1,602.286324134354,1611.49530998918,3226.76058323906,69.5627945128828,69.7025946988189,subj1,1-1,3
